"","Dd","Date"
"1",0.124613073561544,2006-06-20
"2",0.124613073561544,2006-06-21
"3",0.124613073561544,2006-06-22
"4",0.124613073561544,2006-06-23
"5",0.124613073561544,2006-06-26
"6",0.124613073561544,2006-06-27
"7",0.124613073561544,2006-06-28
"8",0.124613073561544,2006-06-29
"9",0.124613073561544,2006-06-30
"10",0.124613073561544,2006-07-03
"11",0.124613073561544,2006-07-05
"12",0.124613073561544,2006-07-06
"13",0.124613073561544,2006-07-07
"14",0.124613073561544,2006-07-10
"15",0.124613073561544,2006-07-11
"16",0.124613073561544,2006-07-12
"17",0.124613073561544,2006-07-13
"18",0.124613073561544,2006-07-14
"19",0.124613073561544,2006-07-17
"20",0.124613073561544,2006-07-18
"21",0.124613073561544,2006-07-19
"22",0.124613073561544,2006-07-20
"23",0.124613073561544,2006-07-21
"24",0.124613073561544,2006-07-24
"25",0.124613073561544,2006-07-25
"26",0.124613073561544,2006-07-26
"27",0.124613073561544,2006-07-27
"28",0.124613073561544,2006-07-28
"29",0.124613073561544,2006-07-31
"30",0.124613073561544,2006-08-01
"31",0.124613073561544,2006-08-02
"32",0.121634275013132,2006-08-03
"33",0.110469173302685,2006-08-04
"34",0.110469173302685,2006-08-07
"35",0.110469173302685,2006-08-08
"36",0.110469173302685,2006-08-09
"37",0.110469173302685,2006-08-10
"38",0.110469173302685,2006-08-11
"39",0.110469173302685,2006-08-14
"40",0.110469173302685,2006-08-15
"41",0.110469173302685,2006-08-16
"42",0.110469173302685,2006-08-17
"43",0.110469173302685,2006-08-18
"44",0.110469173302685,2006-08-21
"45",0.110469173302685,2006-08-22
"46",0.110469173302685,2006-08-23
"47",0.110469173302685,2006-08-24
"48",0.110469173302685,2006-08-25
"49",0.110469173302685,2006-08-28
"50",0.110469173302685,2006-08-29
"51",0.110469173302685,2006-08-30
"52",0.110469173302685,2006-08-31
"53",0.110469173302685,2006-09-01
"54",0.110469173302685,2006-09-05
"55",0.110469173302685,2006-09-06
"56",0.110469173302685,2006-09-07
"57",0.110469173302685,2006-09-08
"58",0.110469173302685,2006-09-11
"59",0.110469173302685,2006-09-12
"60",0.110469173302685,2006-09-13
"61",0.110469173302685,2006-09-14
"62",0.110469173302685,2006-09-15
"63",0.110469173302685,2006-09-18
"64",0.110469173302685,2006-09-19
"65",0.110469173302685,2006-09-20
"66",0.110469173302685,2006-09-21
"67",0.110469173302685,2006-09-22
"68",0.110469173302685,2006-09-25
"69",0.110469173302685,2006-09-26
"70",0.110469173302685,2006-09-27
"71",0.110469173302685,2006-09-28
"72",0.110469173302685,2006-09-29
"73",0.110469173302685,2006-10-02
"74",0.110469173302685,2006-10-03
"75",0.110469173302685,2006-10-04
"76",0.110469173302685,2006-10-05
"77",0.110469173302685,2006-10-06
"78",0.110469173302685,2006-10-09
"79",0.110469173302685,2006-10-10
"80",0.110469173302685,2006-10-11
"81",0.110469173302685,2006-10-12
"82",0.110469173302685,2006-10-13
"83",0.110469173302685,2006-10-16
"84",0.110469173302685,2006-10-17
"85",0.110469173302685,2006-10-18
"86",0.110469173302685,2006-10-19
"87",0.110469173302685,2006-10-20
"88",0.110469173302685,2006-10-23
"89",0.110469173302685,2006-10-24
"90",0.110469173302685,2006-10-25
"91",0.110469173302685,2006-10-26
"92",0.110469173302685,2006-10-27
"93",0.110469173302685,2006-10-30
"94",0.110469173302685,2006-10-31
"95",0.110469173302685,2006-11-01
"96",0.110469173302685,2006-11-02
"97",0.110469173302685,2006-11-03
"98",0.110469173302685,2006-11-06
"99",0.110469173302685,2006-11-07
"100",0.110469173302685,2006-11-08
"101",0.110469173302685,2006-11-09
"102",0.110469173302685,2006-11-10
"103",0.110469173302685,2006-11-13
"104",0.110469173302685,2006-11-14
"105",0.110469173302685,2006-11-15
"106",0.110469173302685,2006-11-16
"107",0.110469173302685,2006-11-17
"108",0.110469173302685,2006-11-20
"109",0.110469173302685,2006-11-21
"110",0.110469173302685,2006-11-22
"111",0.110469173302685,2006-11-24
"112",0.110469173302685,2006-11-27
"113",0.110469173302685,2006-11-28
"114",0.110469173302685,2006-11-29
"115",0.110469173302685,2006-11-30
"116",0.110469173302685,2006-12-01
"117",0.110469173302685,2006-12-04
"118",0.110469173302685,2006-12-05
"119",0.110469173302685,2006-12-06
"120",0.110469173302685,2006-12-07
"121",0.110469173302685,2006-12-08
"122",0.110469173302685,2006-12-11
"123",0.110469173302685,2006-12-12
"124",0.110469173302685,2006-12-13
"125",0.110469173302685,2006-12-14
"126",0.110469173302685,2006-12-15
"127",0.110469173302685,2006-12-18
"128",0.110469173302685,2006-12-19
"129",0.110469173302685,2006-12-20
"130",0.110469173302685,2006-12-21
"131",0.110469173302685,2006-12-22
"132",0.110469173302685,2006-12-26
"133",0.110469173302685,2006-12-27
"134",0.110469173302685,2006-12-28
"135",0.110469173302685,2006-12-29
"136",0.110469173302685,2007-01-03
"137",0.110469173302685,2007-01-04
"138",0.110469173302685,2007-01-05
"139",0.110469173302685,2007-01-08
"140",0.110469173302685,2007-01-09
"141",0.110469173302685,2007-01-10
"142",0.110469173302685,2007-01-11
"143",0.110469173302685,2007-01-12
"144",0.110469173302685,2007-01-16
"145",0.110469173302685,2007-01-17
"146",0.110469173302685,2007-01-18
"147",0.110469173302685,2007-01-19
"148",0.110469173302685,2007-01-22
"149",0.110469173302685,2007-01-23
"150",0.110469173302685,2007-01-24
"151",0.110469173302685,2007-01-25
"152",0.110469173302685,2007-01-26
"153",0.110469173302685,2007-01-29
"154",0.110469173302685,2007-01-30
"155",0.110469173302685,2007-01-31
"156",0.110469173302685,2007-02-01
"157",0.110469173302685,2007-02-02
"158",0.110469173302685,2007-02-05
"159",0.110469173302685,2007-02-06
"160",0.110469173302685,2007-02-07
"161",0.110469173302685,2007-02-08
"162",0.110469173302685,2007-02-09
"163",0.110469173302685,2007-02-12
"164",0.110469173302685,2007-02-13
"165",0.110469173302685,2007-02-14
"166",0.110469173302685,2007-02-15
"167",0.110469173302685,2007-02-16
"168",0.110469173302685,2007-02-20
"169",0.110469173302685,2007-02-21
"170",0.110469173302685,2007-02-22
"171",0.110469173302685,2007-02-23
"172",0.110469173302685,2007-02-26
"173",0.110469173302685,2007-02-27
"174",0.110469173302685,2007-02-28
"175",0.110469173302685,2007-03-01
"176",0.110469173302685,2007-03-02
"177",0.127117682343596,2007-03-05
"178",0.127117682343596,2007-03-06
"179",0.127117682343596,2007-03-07
"180",0.127117682343596,2007-03-08
"181",0.127117682343596,2007-03-09
"182",0.127117682343595,2007-03-12
"183",0.127117682343596,2007-03-13
"184",0.127117682343596,2007-03-14
"185",0.127117682343596,2007-03-15
"186",0.127117682343595,2007-03-16
"187",0.127117682343596,2007-03-19
"188",0.127117682343595,2007-03-20
"189",0.127117682343596,2007-03-21
"190",0.127117682343596,2007-03-22
"191",0.127117682343596,2007-03-23
"192",0.127117682343595,2007-03-26
"193",0.127117682343596,2007-03-27
"194",0.127117682343596,2007-03-28
"195",0.127117682343596,2007-03-29
"196",0.127117682343596,2007-03-30
"197",0.127117682343595,2007-04-02
"198",0.127117682343596,2007-04-03
"199",0.127117682343595,2007-04-04
"200",0.127117682343596,2007-04-05
"201",0.127117682343596,2007-04-09
"202",0.127117682343596,2007-04-10
"203",0.127117682343596,2007-04-11
"204",0.127117682343596,2007-04-12
"205",0.127117682343596,2007-04-13
"206",0.127117682343596,2007-04-16
"207",0.127117682343596,2007-04-17
"208",0.127117682343596,2007-04-18
"209",0.127117682343596,2007-04-19
"210",0.127117682343596,2007-04-20
"211",0.127117682343596,2007-04-23
"212",0.127117682343596,2007-04-24
"213",0.127117682343596,2007-04-25
"214",0.127117682343596,2007-04-26
"215",0.127117682343596,2007-04-27
"216",0.127117682343595,2007-04-30
"217",0.127117682343596,2007-05-01
"218",0.127117682343595,2007-05-02
"219",0.127117682343596,2007-05-03
"220",0.127117682343596,2007-05-04
"221",0.127117682343596,2007-05-07
"222",0.127117682343596,2007-05-08
"223",0.127117682343596,2007-05-09
"224",0.127117682343596,2007-05-10
"225",0.127117682343596,2007-05-11
"226",0.127117682343596,2007-05-14
"227",0.127117682343596,2007-05-15
"228",0.127117682343596,2007-05-16
"229",0.142924306535026,2007-05-17
"230",0.152886532756189,2007-05-18
"231",0.152886532756189,2007-05-21
"232",0.152886532756189,2007-05-22
"233",0.152886532756189,2007-05-23
"234",0.158204043253409,2007-05-24
"235",0.158204043253409,2007-05-25
"236",0.158204043253409,2007-05-29
"237",0.158204043253409,2007-05-30
"238",0.158204043253409,2007-05-31
"239",0.158204043253409,2007-06-01
"240",0.158204043253409,2007-06-04
"241",0.158204043253409,2007-06-05
"242",0.158204043253409,2007-06-06
"243",0.158204043253409,2007-06-07
"244",0.158204043253409,2007-06-08
"245",0.158204043253409,2007-06-11
"246",0.161819301914628,2007-06-12
"247",0.161819301914628,2007-06-13
"248",0.161819301914628,2007-06-14
"249",0.161819301914628,2007-06-15
"250",0.161819301914628,2007-06-18
"251",0.161819301914628,2007-06-19
"252",0.176247912715011,2007-06-20
"253",0.177666455911678,2007-06-21
"254",0.181687012629087,2007-06-22
"255",0.194372841787851,2007-06-25
"256",0.195621159800918,2007-06-26
"257",0.195621159800918,2007-06-27
"258",0.195621159800918,2007-06-28
"259",0.195621159800918,2007-06-29
"260",0.195621159800918,2007-07-02
"261",0.195621159800918,2007-07-03
"262",0.195621159800918,2007-07-05
"263",0.195621159800918,2007-07-06
"264",0.195621159800918,2007-07-09
"265",0.195621159800918,2007-07-10
"266",0.195621159800918,2007-07-11
"267",0.195621159800918,2007-07-12
"268",0.195621159800918,2007-07-13
"269",0.195621159800918,2007-07-16
"270",0.195621159800918,2007-07-17
"271",0.195621159800918,2007-07-18
"272",0.195621159800918,2007-07-19
"273",0.195621159800918,2007-07-20
"274",0.202373425417052,2007-07-23
"275",0.220182222006063,2007-07-24
"276",0.223935282006387,2007-07-25
"277",0.239247442569265,2007-07-26
"278",0.26153072969862,2007-07-27
"279",0.26153072969862,2007-07-30
"280",0.26153072969862,2007-07-31
"281",0.26153072969862,2007-08-01
"282",0.26153072969862,2007-08-02
"283",0.26153072969862,2007-08-03
"284",0.26153072969862,2007-08-06
"285",0.26153072969862,2007-08-07
"286",0.26153072969862,2007-08-08
"287",0.26153072969862,2007-08-09
"288",0.26153072969862,2007-08-10
"289",0.26153072969862,2007-08-13
"290",0.264756902225897,2007-08-14
"291",0.274143605207269,2007-08-15
"292",0.274143605207269,2007-08-16
"293",0.274143605207269,2007-08-17
"294",0.274143605207269,2007-08-20
"295",0.274143605207269,2007-08-21
"296",0.274143605207269,2007-08-22
"297",0.274143605207269,2007-08-23
"298",0.274143605207269,2007-08-24
"299",0.274143605207269,2007-08-27
"300",0.274143605207269,2007-08-28
"301",0.274143605207269,2007-08-29
"302",0.274143605207269,2007-08-30
"303",0.274143605207269,2007-08-31
"304",0.274143605207269,2007-09-04
"305",0.274143605207269,2007-09-05
"306",0.274143605207269,2007-09-06
"307",0.274143605207269,2007-09-07
"308",0.274143605207269,2007-09-10
"309",0.274143605207269,2007-09-11
"310",0.274143605207269,2007-09-12
"311",0.274143605207269,2007-09-13
"312",0.274143605207269,2007-09-14
"313",0.274143605207269,2007-09-17
"314",0.274143605207269,2007-09-18
"315",0.274143605207269,2007-09-19
"316",0.274143605207269,2007-09-20
"317",0.274143605207269,2007-09-21
"318",0.274143605207269,2007-09-24
"319",0.274143605207269,2007-09-25
"320",0.274143605207269,2007-09-26
"321",0.274143605207269,2007-09-27
"322",0.274143605207269,2007-09-28
"323",0.274143605207269,2007-10-01
"324",0.274143605207269,2007-10-02
"325",0.274143605207269,2007-10-03
"326",0.274143605207269,2007-10-04
"327",0.274143605207269,2007-10-05
"328",0.274143605207269,2007-10-08
"329",0.274143605207269,2007-10-09
"330",0.274143605207269,2007-10-10
"331",0.274143605207269,2007-10-11
"332",0.274143605207269,2007-10-12
"333",0.274143605207269,2007-10-15
"334",0.274143605207269,2007-10-16
"335",0.274143605207269,2007-10-17
"336",0.274143605207269,2007-10-18
"337",0.274143605207269,2007-10-19
"338",0.274143605207269,2007-10-22
"339",0.274143605207269,2007-10-23
"340",0.274143605207269,2007-10-24
"341",0.274143605207269,2007-10-25
"342",0.274143605207269,2007-10-26
"343",0.274143605207269,2007-10-29
"344",0.274143605207269,2007-10-30
"345",0.274143605207269,2007-10-31
"346",0.274143605207269,2007-11-01
"347",0.274143605207269,2007-11-02
"348",0.274143605207269,2007-11-05
"349",0.274143605207269,2007-11-06
"350",0.274143605207269,2007-11-07
"351",0.274143605207269,2007-11-08
"352",0.274143605207269,2007-11-09
"353",0.274143605207269,2007-11-12
"354",0.274143605207269,2007-11-13
"355",0.274143605207269,2007-11-14
"356",0.274143605207269,2007-11-15
"357",0.274143605207269,2007-11-16
"358",0.274143605207269,2007-11-19
"359",0.276834784300375,2007-11-20
"360",0.278885592464698,2007-11-21
"361",0.278885592464698,2007-11-23
"362",0.303365595058606,2007-11-26
"363",0.303365595058606,2007-11-27
"364",0.303365595058606,2007-11-28
"365",0.303365595058606,2007-11-29
"366",0.303365595058606,2007-11-30
"367",0.303365595058606,2007-12-03
"368",0.303365595058606,2007-12-04
"369",0.303365595058606,2007-12-05
"370",0.303365595058606,2007-12-06
"371",0.303365595058606,2007-12-07
"372",0.303365595058606,2007-12-10
"373",0.303365595058606,2007-12-11
"374",0.303365595058606,2007-12-12
"375",0.303365595058606,2007-12-13
"376",0.303365595058606,2007-12-14
"377",0.308983026117407,2007-12-17
"378",0.308983026117407,2007-12-18
"379",0.308983026117407,2007-12-19
"380",0.308983026117407,2007-12-20
"381",0.308983026117407,2007-12-21
"382",0.308983026117407,2007-12-24
"383",0.308983026117407,2007-12-26
"384",0.308983026117407,2007-12-27
"385",0.308983026117407,2007-12-28
"386",0.308983026117407,2007-12-31
"387",0.308983026117407,2008-01-02
"388",0.323760193246113,2008-01-03
"389",0.349058897913526,2008-01-04
"390",0.349058897913526,2008-01-07
"391",0.366365124912861,2008-01-08
"392",0.366365124912861,2008-01-09
"393",0.366365124912861,2008-01-10
"394",0.366365124912861,2008-01-11
"395",0.366365124912861,2008-01-14
"396",0.366365124912861,2008-01-15
"397",0.366365124912861,2008-01-16
"398",0.366365124912861,2008-01-17
"399",0.370912569103318,2008-01-18
"400",0.370912569103318,2008-01-22
"401",0.370912569103319,2008-01-23
"402",0.370912569103318,2008-01-24
"403",0.370912569103319,2008-01-25
"404",0.370912569103318,2008-01-28
"405",0.370912569103319,2008-01-29
"406",0.370912569103318,2008-01-30
"407",0.370912569103319,2008-01-31
"408",0.370912569103319,2008-02-01
"409",0.370912569103319,2008-02-04
"410",0.370912569103318,2008-02-05
"411",0.370912569103319,2008-02-06
"412",0.370912569103319,2008-02-07
"413",0.367307174942729,2008-02-08
"414",0.362300739523418,2008-02-11
"415",0.362300739523418,2008-02-12
"416",0.362300739523418,2008-02-13
"417",0.362300739523418,2008-02-14
"418",0.362300739523418,2008-02-15
"419",0.362300739523418,2008-02-19
"420",0.362300739523418,2008-02-20
"421",0.360029026618729,2008-02-21
"422",0.356457564575646,2008-02-22
"423",0.345759254107551,2008-02-25
"424",0.342293937185376,2008-02-26
"425",0.326103001832186,2008-02-27
"426",0.326103001832186,2008-02-28
"427",0.324054557806539,2008-02-29
"428",0.324054557806539,2008-03-03
"429",0.324054557806539,2008-03-04
"430",0.324054557806539,2008-03-05
"431",0.324054557806539,2008-03-06
"432",0.324054557806539,2008-03-07
"433",0.324054557806539,2008-03-10
"434",0.324054557806539,2008-03-11
"435",0.324054557806539,2008-03-12
"436",0.324054557806539,2008-03-13
"437",0.324054557806539,2008-03-14
"438",0.324054557806539,2008-03-17
"439",0.324054557806539,2008-03-18
"440",0.324054557806539,2008-03-19
"441",0.324054557806539,2008-03-20
"442",0.324054557806539,2008-03-24
"443",0.324054557806539,2008-03-25
"444",0.324054557806539,2008-03-26
"445",0.324054557806539,2008-03-27
"446",0.324054557806539,2008-03-28
"447",0.324054557806539,2008-03-31
"448",0.324054557806539,2008-04-01
"449",0.324054557806539,2008-04-02
"450",0.324054557806539,2008-04-03
"451",0.324054557806539,2008-04-04
"452",0.324054557806539,2008-04-07
"453",0.324054557806539,2008-04-08
"454",0.324054557806539,2008-04-09
"455",0.324054557806539,2008-04-10
"456",0.324054557806539,2008-04-11
"457",0.324054557806539,2008-04-14
"458",0.324054557806539,2008-04-15
"459",0.324054557806539,2008-04-16
"460",0.324054557806539,2008-04-17
"461",0.324054557806539,2008-04-18
"462",0.324054557806539,2008-04-21
"463",0.324054557806539,2008-04-22
"464",0.319150429434935,2008-04-23
"465",0.319150429434935,2008-04-24
"466",0.317413827981389,2008-04-25
"467",0.316457925980729,2008-04-28
"468",0.305595819688266,2008-04-29
"469",0.305595819688266,2008-04-30
"470",0.305595819688266,2008-05-01
"471",0.305595819688266,2008-05-02
"472",0.304849429426202,2008-05-05
"473",0.304849429426202,2008-05-06
"474",0.304849429426202,2008-05-07
"475",0.304849429426202,2008-05-08
"476",0.304849429426201,2008-05-09
"477",0.304849429426202,2008-05-12
"478",0.304849429426202,2008-05-13
"479",0.304849429426201,2008-05-14
"480",0.304849429426202,2008-05-15
"481",0.304849429426202,2008-05-16
"482",0.304849429426202,2008-05-19
"483",0.304849429426201,2008-05-20
"484",0.304849429426202,2008-05-21
"485",0.304849429426202,2008-05-22
"486",0.304849429426202,2008-05-23
"487",0.304849429426202,2008-05-27
"488",0.304849429426202,2008-05-28
"489",0.304849429426202,2008-05-29
"490",0.304849429426201,2008-05-30
"491",0.304849429426202,2008-06-02
"492",0.304849429426202,2008-06-03
"493",0.292323965495231,2008-06-04
"494",0.288052253045648,2008-06-05
"495",0.282025663086416,2008-06-06
"496",0.282025663086416,2008-06-09
"497",0.282025663086416,2008-06-10
"498",0.282025663086416,2008-06-11
"499",0.282025663086416,2008-06-12
"500",0.282025663086416,2008-06-13
"501",0.282025663086416,2008-06-16
"502",0.282025663086416,2008-06-17
"503",0.282025663086416,2008-06-18
"504",0.282025663086416,2008-06-19
"505",0.282025663086416,2008-06-20
"506",0.282025663086416,2008-06-23
"507",0.282025663086416,2008-06-24
"508",0.282025663086416,2008-06-25
"509",0.282025663086416,2008-06-26
"510",0.282025663086416,2008-06-27
"511",0.282025663086416,2008-06-30
"512",0.282025663086416,2008-07-01
"513",0.282025663086416,2008-07-02
"514",0.282025663086416,2008-07-03
"515",0.282025663086416,2008-07-07
"516",0.282025663086416,2008-07-08
"517",0.282025663086416,2008-07-09
"518",0.282025663086416,2008-07-10
"519",0.282025663086416,2008-07-11
"520",0.291582248619245,2008-07-14
"521",0.296559444182325,2008-07-15
"522",0.296559444182325,2008-07-16
"523",0.296559444182325,2008-07-17
"524",0.296559444182325,2008-07-18
"525",0.296559444182325,2008-07-21
"526",0.296559444182325,2008-07-22
"527",0.296559444182325,2008-07-23
"528",0.296559444182325,2008-07-24
"529",0.296559444182325,2008-07-25
"530",0.296559444182325,2008-07-28
"531",0.296559444182325,2008-07-29
"532",0.296559444182325,2008-07-30
"533",0.296559444182325,2008-07-31
"534",0.296559444182325,2008-08-01
"535",0.296559444182325,2008-08-04
"536",0.296559444182325,2008-08-05
"537",0.296559444182325,2008-08-06
"538",0.296559444182325,2008-08-07
"539",0.296559444182325,2008-08-08
"540",0.296559444182325,2008-08-11
"541",0.296559444182325,2008-08-12
"542",0.296559444182325,2008-08-13
"543",0.296559444182325,2008-08-14
"544",0.296559444182325,2008-08-15
"545",0.296559444182325,2008-08-18
"546",0.296559444182325,2008-08-19
"547",0.296559444182325,2008-08-20
"548",0.296559444182325,2008-08-21
"549",0.296559444182325,2008-08-22
"550",0.296559444182325,2008-08-25
"551",0.296559444182325,2008-08-26
"552",0.296559444182325,2008-08-27
"553",0.296559444182325,2008-08-28
"554",0.296559444182325,2008-08-29
"555",0.296559444182325,2008-09-02
"556",0.296559444182325,2008-09-03
"557",0.296559444182325,2008-09-04
"558",0.296559444182325,2008-09-05
"559",0.296559444182325,2008-09-08
"560",0.296559444182325,2008-09-09
"561",0.296559444182325,2008-09-10
"562",0.296559444182325,2008-09-11
"563",0.296559444182325,2008-09-12
"564",0.296559444182325,2008-09-15
"565",0.296559444182325,2008-09-16
"566",0.296559444182325,2008-09-17
"567",0.296559444182325,2008-09-18
"568",0.296559444182325,2008-09-19
"569",0.296559444182325,2008-09-22
"570",0.296559444182325,2008-09-23
"571",0.296559444182325,2008-09-24
"572",0.296559444182325,2008-09-25
"573",0.296559444182325,2008-09-26
"574",0.296559444182325,2008-09-29
"575",0.296559444182325,2008-09-30
"576",0.296559444182325,2008-10-01
"577",0.296559444182325,2008-10-02
"578",0.314525454932327,2008-10-03
"579",0.339318919819045,2008-10-06
"580",0.387291038385644,2008-10-07
"581",0.391581965076883,2008-10-08
"582",0.454114204233031,2008-10-09
"583",0.450318136601663,2008-10-10
"584",0.445987231023883,2008-10-13
"585",0.4334532722032,2008-10-14
"586",0.448311526114998,2008-10-15
"587",0.448311526114998,2008-10-16
"588",0.448311526114998,2008-10-17
"589",0.448311526114998,2008-10-20
"590",0.448311526114998,2008-10-21
"591",0.48368117554079,2008-10-22
"592",0.489252505146894,2008-10-23
"593",0.523275668608339,2008-10-24
"594",0.55171774531901,2008-10-27
"595",0.55171774531901,2008-10-28
"596",0.55171774531901,2008-10-29
"597",0.55171774531901,2008-10-30
"598",0.533151108085314,2008-10-31
"599",0.526164889338092,2008-11-03
"600",0.526164889338092,2008-11-04
"601",0.526164889338092,2008-11-05
"602",0.526164889338092,2008-11-06
"603",0.526164889338092,2008-11-07
"604",0.526164889338092,2008-11-10
"605",0.526164889338092,2008-11-11
"606",0.544037870505972,2008-11-12
"607",0.543849693568024,2008-11-13
"608",0.550050556117291,2008-11-14
"609",0.566775345122883,2008-11-17
"610",0.57213016652566,2008-11-18
"611",0.629330802088277,2008-11-19
"612",0.659210499164277,2008-11-20
"613",0.659210499164277,2008-11-21
"614",0.659210499164277,2008-11-24
"615",0.659210499164277,2008-11-25
"616",0.659210499164277,2008-11-26
"617",0.659210499164277,2008-11-28
"618",0.659210499164277,2008-12-01
"619",0.659210499164277,2008-12-02
"620",0.659210499164277,2008-12-03
"621",0.659210499164277,2008-12-04
"622",0.659210499164277,2008-12-05
"623",0.659210499164277,2008-12-08
"624",0.659210499164277,2008-12-09
"625",0.655969752835672,2008-12-10
"626",0.655969752835672,2008-12-11
"627",0.655969752835672,2008-12-12
"628",0.655969752835672,2008-12-15
"629",0.655969752835672,2008-12-16
"630",0.655969752835672,2008-12-17
"631",0.655969752835672,2008-12-18
"632",0.655969752835672,2008-12-19
"633",0.655969752835672,2008-12-22
"634",0.655969752835672,2008-12-23
"635",0.655969752835672,2008-12-24
"636",0.655969752835672,2008-12-26
"637",0.655969752835672,2008-12-29
"638",0.655969752835672,2008-12-30
"639",0.655969752835672,2008-12-31
"640",0.655969752835672,2009-01-02
"641",0.655969752835672,2009-01-05
"642",0.655969752835672,2009-01-06
"643",0.655969752835672,2009-01-07
"644",0.655969752835672,2009-01-08
"645",0.655969752835672,2009-01-09
"646",0.655969752835672,2009-01-12
"647",0.655969752835672,2009-01-13
"648",0.655969752835672,2009-01-14
"649",0.655969752835672,2009-01-15
"650",0.655969752835672,2009-01-16
"651",0.655969752835672,2009-01-20
"652",0.655969752835672,2009-01-21
"653",0.655969752835672,2009-01-22
"654",0.655969752835672,2009-01-23
"655",0.655969752835672,2009-01-26
"656",0.655969752835672,2009-01-27
"657",0.655969752835672,2009-01-28
"658",0.655969752835672,2009-01-29
"659",0.655969752835672,2009-01-30
"660",0.655969752835672,2009-02-02
"661",0.655969752835672,2009-02-03
"662",0.655969752835672,2009-02-04
"663",0.655969752835672,2009-02-05
"664",0.655969752835672,2009-02-06
"665",0.655969752835672,2009-02-09
"666",0.655969752835672,2009-02-10
"667",0.655969752835672,2009-02-11
"668",0.655969752835672,2009-02-12
"669",0.655969752835672,2009-02-13
"670",0.655969752835672,2009-02-17
"671",0.655969752835672,2009-02-18
"672",0.655969752835672,2009-02-19
"673",0.655969752835672,2009-02-20
"674",0.659094459894385,2009-02-23
"675",0.659094459894385,2009-02-24
"676",0.659094459894385,2009-02-25
"677",0.659094459894385,2009-02-26
"678",0.659490256121822,2009-02-27
"679",0.685498234540512,2009-03-02
"680",0.685498234540512,2009-03-03
"681",0.685498234540512,2009-03-04
"682",0.696913830995011,2009-03-05
"683",0.700163526336073,2009-03-06
"684",0.700163526336073,2009-03-09
"685",0.700163526336073,2009-03-10
"686",0.700163526336073,2009-03-11
"687",0.700163526336073,2009-03-12
"688",0.700163526336073,2009-03-13
"689",0.700163526336073,2009-03-16
"690",0.700163526336073,2009-03-17
"691",0.700163526336073,2009-03-18
"692",0.700163526336073,2009-03-19
"693",0.700163526336073,2009-03-20
"694",0.700163526336073,2009-03-23
"695",0.700163526336073,2009-03-24
"696",0.700163526336073,2009-03-25
"697",0.700163526336073,2009-03-26
"698",0.700163526336073,2009-03-27
"699",0.700163526336073,2009-03-30
"700",0.700163526336073,2009-03-31
"701",0.700163526336073,2009-04-01
"702",0.700163526336073,2009-04-02
"703",0.700163526336073,2009-04-03
"704",0.700163526336073,2009-04-06
"705",0.700163526336073,2009-04-07
"706",0.700163526336073,2009-04-08
"707",0.700163526336073,2009-04-09
"708",0.700163526336073,2009-04-13
"709",0.700163526336073,2009-04-14
"710",0.700163526336073,2009-04-15
"711",0.700163526336073,2009-04-16
"712",0.700163526336073,2009-04-17
"713",0.700163526336073,2009-04-20
"714",0.700163526336073,2009-04-21
"715",0.700163526336073,2009-04-22
"716",0.700163526336073,2009-04-23
"717",0.700163526336073,2009-04-24
"718",0.700163526336073,2009-04-27
"719",0.700163526336073,2009-04-28
"720",0.700163526336073,2009-04-29
"721",0.700163526336073,2009-04-30
"722",0.700163526336073,2009-05-01
"723",0.700163526336073,2009-05-04
"724",0.700163526336073,2009-05-05
"725",0.700163526336073,2009-05-06
"726",0.700163526336073,2009-05-07
"727",0.700163526336073,2009-05-08
"728",0.700163526336073,2009-05-11
"729",0.700163526336073,2009-05-12
"730",0.700163526336073,2009-05-13
"731",0.700163526336073,2009-05-14
"732",0.700163526336073,2009-05-15
"733",0.69807857697229,2009-05-18
"734",0.69807857697229,2009-05-19
"735",0.69532730062973,2009-05-20
"736",0.69532730062973,2009-05-21
"737",0.69532730062973,2009-05-22
"738",0.69532730062973,2009-05-26
"739",0.69532730062973,2009-05-27
"740",0.69532730062973,2009-05-28
"741",0.69532730062973,2009-05-29
"742",0.69532730062973,2009-06-01
"743",0.69532730062973,2009-06-02
"744",0.69532730062973,2009-06-03
"745",0.69532730062973,2009-06-04
"746",0.69532730062973,2009-06-05
"747",0.684909315791202,2009-06-08
"748",0.684909315791202,2009-06-09
"749",0.684909315791202,2009-06-10
"750",0.684909315791202,2009-06-11
"751",0.684909315791202,2009-06-12
"752",0.684909315791202,2009-06-15
"753",0.684909315791202,2009-06-16
"754",0.684909315791202,2009-06-17
"755",0.684909315791202,2009-06-18
"756",0.684909315791202,2009-06-19
"757",0.684909315791202,2009-06-22
"758",0.684909315791202,2009-06-23
"759",0.684909315791202,2009-06-24
"760",0.684909315791202,2009-06-25
"761",0.684909315791202,2009-06-26
"762",0.684909315791202,2009-06-29
"763",0.684909315791202,2009-06-30
"764",0.684909315791202,2009-07-01
"765",0.684909315791202,2009-07-02
"766",0.684909315791202,2009-07-06
"767",0.684909315791202,2009-07-07
"768",0.684909315791202,2009-07-08
"769",0.684909315791202,2009-07-09
"770",0.684909315791202,2009-07-10
"771",0.684909315791202,2009-07-13
"772",0.684909315791202,2009-07-14
"773",0.684909315791202,2009-07-15
"774",0.684909315791202,2009-07-16
"775",0.684909315791202,2009-07-17
"776",0.684909315791202,2009-07-20
"777",0.684909315791202,2009-07-21
"778",0.684909315791202,2009-07-22
"779",0.684909315791202,2009-07-23
"780",0.684909315791202,2009-07-24
"781",0.684909315791202,2009-07-27
"782",0.684909315791202,2009-07-28
"783",0.684909315791202,2009-07-29
"784",0.684909315791202,2009-07-30
"785",0.684909315791202,2009-07-31
"786",0.684909315791202,2009-08-03
"787",0.684909315791202,2009-08-04
"788",0.684909315791202,2009-08-05
"789",0.684909315791202,2009-08-06
"790",0.684909315791202,2009-08-07
"791",0.684909315791202,2009-08-10
"792",0.684909315791202,2009-08-11
"793",0.684909315791202,2009-08-12
"794",0.684909315791202,2009-08-13
"795",0.684909315791202,2009-08-14
"796",0.684909315791202,2009-08-17
"797",0.684909315791202,2009-08-18
"798",0.684909315791202,2009-08-19
"799",0.684909315791202,2009-08-20
"800",0.684909315791202,2009-08-21
"801",0.684909315791202,2009-08-24
"802",0.684909315791202,2009-08-25
"803",0.684909315791202,2009-08-26
"804",0.684909315791202,2009-08-27
"805",0.684909315791202,2009-08-28
"806",0.684909315791202,2009-08-31
"807",0.684909315791202,2009-09-01
"808",0.684909315791202,2009-09-02
"809",0.684909315791202,2009-09-03
"810",0.684909315791202,2009-09-04
"811",0.684909315791202,2009-09-08
"812",0.684909315791202,2009-09-09
"813",0.684909315791202,2009-09-10
"814",0.684909315791202,2009-09-11
"815",0.684909315791202,2009-09-14
"816",0.684909315791202,2009-09-15
"817",0.684909315791202,2009-09-16
"818",0.684909315791202,2009-09-17
"819",0.684909315791202,2009-09-18
"820",0.684909315791202,2009-09-21
"821",0.667617310179198,2009-09-22
"822",0.667617310179198,2009-09-23
"823",0.667617310179198,2009-09-24
"824",0.667617310179198,2009-09-25
"825",0.667617310179198,2009-09-28
"826",0.662935425326386,2009-09-29
"827",0.662935425326386,2009-09-30
"828",0.654683076627801,2009-10-01
"829",0.630703903734397,2009-10-02
"830",0.611485255415345,2009-10-05
"831",0.596905412028285,2009-10-06
"832",0.587442853662381,2009-10-07
"833",0.587442853662381,2009-10-08
"834",0.587442853662381,2009-10-09
"835",0.587442853662381,2009-10-12
"836",0.587442853662381,2009-10-13
"837",0.556713889744379,2009-10-14
"838",0.516014055380891,2009-10-15
"839",0.516014055380891,2009-10-16
"840",0.516014055380891,2009-10-19
"841",0.516014055380891,2009-10-20
"842",0.513190381168194,2009-10-21
"843",0.513190381168194,2009-10-22
"844",0.513190381168194,2009-10-23
"845",0.513190381168194,2009-10-26
"846",0.513190381168194,2009-10-27
"847",0.513190381168194,2009-10-28
"848",0.513190381168194,2009-10-29
"849",0.513190381168194,2009-10-30
"850",0.513190381168194,2009-11-02
"851",0.513190381168194,2009-11-03
"852",0.513190381168194,2009-11-04
"853",0.462467789520857,2009-11-05
"854",0.462467789520857,2009-11-06
"855",0.462467789520857,2009-11-09
"856",0.442101591116107,2009-11-10
"857",0.442101591116107,2009-11-11
"858",0.442101591116107,2009-11-12
"859",0.442101591116107,2009-11-13
"860",0.442101591116107,2009-11-16
"861",0.442101591116107,2009-11-17
"862",0.442101591116107,2009-11-18
"863",0.442101591116107,2009-11-19
"864",0.442101591116107,2009-11-20
"865",0.442101591116107,2009-11-23
"866",0.442101591116107,2009-11-24
"867",0.442101591116107,2009-11-25
"868",0.442101591116107,2009-11-27
"869",0.442101591116107,2009-11-30
"870",0.442101591116107,2009-12-01
"871",0.442101591116107,2009-12-02
"872",0.442101591116107,2009-12-03
"873",0.442101591116107,2009-12-04
"874",0.442101591116107,2009-12-07
"875",0.442101591116107,2009-12-08
"876",0.442101591116107,2009-12-09
"877",0.442101591116107,2009-12-10
"878",0.442101591116107,2009-12-11
"879",0.442101591116107,2009-12-14
"880",0.442101591116107,2009-12-15
"881",0.442101591116107,2009-12-16
"882",0.442101591116107,2009-12-17
"883",0.434673317491801,2009-12-18
"884",0.434673317491801,2009-12-21
"885",0.434673317491801,2009-12-22
"886",0.434673317491801,2009-12-23
"887",0.434673317491801,2009-12-24
"888",0.434673317491801,2009-12-28
"889",0.434673317491801,2009-12-29
"890",0.434673317491801,2009-12-30
"891",0.434673317491801,2009-12-31
"892",0.434162162162162,2010-01-04
"893",0.434162162162162,2010-01-05
"894",0.434162162162162,2010-01-06
"895",0.41098356966014,2010-01-07
"896",0.40569387670837,2010-01-08
"897",0.392922668128809,2010-01-11
"898",0.392922668128809,2010-01-12
"899",0.392922668128809,2010-01-13
"900",0.392922668128809,2010-01-14
"901",0.392922668128809,2010-01-15
"902",0.392922668128809,2010-01-19
"903",0.392922668128809,2010-01-20
"904",0.392922668128809,2010-01-21
"905",0.392922668128809,2010-01-22
"906",0.392922668128809,2010-01-25
"907",0.392922668128809,2010-01-26
"908",0.392922668128809,2010-01-27
"909",0.392922668128809,2010-01-28
"910",0.340821139886882,2010-01-29
"911",0.340821139886882,2010-02-01
"912",0.340821139886882,2010-02-02
"913",0.340821139886882,2010-02-03
"914",0.340821139886882,2010-02-04
"915",0.340821139886882,2010-02-05
"916",0.340821139886881,2010-02-08
"917",0.340821139886882,2010-02-09
"918",0.284314944186162,2010-02-10
"919",0.284314944186162,2010-02-11
"920",0.271491838542326,2010-02-12
"921",0.223923651362791,2010-02-16
"922",0.193618868875879,2010-02-17
"923",0.193618868875879,2010-02-18
"924",0.193618868875879,2010-02-19
"925",0.193618868875879,2010-02-22
"926",0.193618868875879,2010-02-23
"927",0.193618868875879,2010-02-24
"928",0.175441109074244,2010-02-25
"929",0.167555442695108,2010-02-26
"930",0.167555442695108,2010-03-01
"931",0.167555442695108,2010-03-02
"932",0.167555442695108,2010-03-03
"933",0.167555442695108,2010-03-04
"934",0.167555442695108,2010-03-05
"935",0.167555442695108,2010-03-08
"936",0.167555442695108,2010-03-09
"937",0.167555442695108,2010-03-10
"938",0.167555442695108,2010-03-11
"939",0.167555442695108,2010-03-12
"940",0.167555442695108,2010-03-15
"941",0.167555442695108,2010-03-16
"942",0.167555442695108,2010-03-17
"943",0.167555442695108,2010-03-18
"944",0.167555442695108,2010-03-19
"945",0.167555442695108,2010-03-22
"946",0.167555442695108,2010-03-23
"947",0.167555442695108,2010-03-24
"948",0.167555442695108,2010-03-25
"949",0.167555442695108,2010-03-26
"950",0.167555442695108,2010-03-29
"951",0.167555442695108,2010-03-30
"952",0.167555442695108,2010-03-31
"953",0.167555442695108,2010-04-01
"954",0.167555442695108,2010-04-05
"955",0.167555442695108,2010-04-06
"956",0.167555442695108,2010-04-07
"957",0.167555442695108,2010-04-08
"958",0.167555442695108,2010-04-09
"959",0.167555442695108,2010-04-12
"960",0.167555442695108,2010-04-13
"961",0.167555442695108,2010-04-14
"962",0.167555442695108,2010-04-15
"963",0.167555442695108,2010-04-16
"964",0.167555442695108,2010-04-19
"965",0.167555442695108,2010-04-20
"966",0.167555442695108,2010-04-21
"967",0.167555442695108,2010-04-22
"968",0.167555442695108,2010-04-23
"969",0.167555442695108,2010-04-26
"970",0.167555442695108,2010-04-27
"971",0.167555442695108,2010-04-28
"972",0.167555442695108,2010-04-29
"973",0.167555442695108,2010-04-30
"974",0.167555442695108,2010-05-03
"975",0.167555442695108,2010-05-04
"976",0.167555442695108,2010-05-05
"977",0.167555442695108,2010-05-06
"978",0.167555442695108,2010-05-07
"979",0.167555442695108,2010-05-10
"980",0.167555442695108,2010-05-11
"981",0.167555442695108,2010-05-12
"982",0.167555442695108,2010-05-13
"983",0.167555442695108,2010-05-14
"984",0.167555442695108,2010-05-17
"985",0.167555442695108,2010-05-18
"986",0.167555442695108,2010-05-19
"987",0.167555442695108,2010-05-20
"988",0.167555442695108,2010-05-21
"989",0.167555442695108,2010-05-24
"990",0.167555442695108,2010-05-25
"991",0.167555442695108,2010-05-26
"992",0.167555442695108,2010-05-27
"993",0.167555442695108,2010-05-28
"994",0.167555442695108,2010-06-01
"995",0.167555442695108,2010-06-02
"996",0.167555442695108,2010-06-03
"997",0.167555442695108,2010-06-04
"998",0.156054234960954,2010-06-07
"999",0.154312494625505,2010-06-08
"1000",0.150422218862709,2010-06-09
"1001",0.14830588425564,2010-06-10
"1002",0.14830588425564,2010-06-11
"1003",0.14830588425564,2010-06-14
"1004",0.14830588425564,2010-06-15
"1005",0.14830588425564,2010-06-16
"1006",0.14830588425564,2010-06-17
"1007",0.14830588425564,2010-06-18
"1008",0.14830588425564,2010-06-21
"1009",0.14830588425564,2010-06-22
"1010",0.14830588425564,2010-06-23
"1011",0.14830588425564,2010-06-24
"1012",0.14830588425564,2010-06-25
"1013",0.14830588425564,2010-06-28
"1014",0.14830588425564,2010-06-29
"1015",0.14830588425564,2010-06-30
"1016",0.14830588425564,2010-07-01
"1017",0.159303485269144,2010-07-02
"1018",0.177808027170543,2010-07-06
"1019",0.177808027170543,2010-07-07
"1020",0.177808027170543,2010-07-08
"1021",0.177808027170543,2010-07-09
"1022",0.177808027170543,2010-07-12
"1023",0.177808027170543,2010-07-13
"1024",0.177808027170543,2010-07-14
"1025",0.177808027170543,2010-07-15
"1026",0.177808027170543,2010-07-16
"1027",0.177808027170543,2010-07-19
"1028",0.177808027170543,2010-07-20
"1029",0.177808027170543,2010-07-21
"1030",0.177808027170543,2010-07-22
"1031",0.177808027170543,2010-07-23
"1032",0.177808027170543,2010-07-26
"1033",0.177808027170543,2010-07-27
"1034",0.177808027170543,2010-07-28
"1035",0.177808027170543,2010-07-29
"1036",0.177808027170543,2010-07-30
"1037",0.177808027170543,2010-08-02
"1038",0.177808027170543,2010-08-03
"1039",0.177808027170543,2010-08-04
"1040",0.177808027170543,2010-08-05
"1041",0.177808027170543,2010-08-06
"1042",0.177808027170543,2010-08-09
"1043",0.177808027170543,2010-08-10
"1044",0.177808027170543,2010-08-11
"1045",0.177808027170543,2010-08-12
"1046",0.177808027170543,2010-08-13
"1047",0.177808027170543,2010-08-16
"1048",0.177808027170543,2010-08-17
"1049",0.177808027170543,2010-08-18
"1050",0.177808027170543,2010-08-19
"1051",0.177808027170543,2010-08-20
"1052",0.177808027170543,2010-08-23
"1053",0.177808027170543,2010-08-24
"1054",0.177808027170543,2010-08-25
"1055",0.177808027170543,2010-08-26
"1056",0.177808027170543,2010-08-27
"1057",0.177808027170543,2010-08-30
"1058",0.177808027170543,2010-08-31
"1059",0.177808027170543,2010-09-01
"1060",0.177808027170543,2010-09-02
"1061",0.177808027170543,2010-09-03
"1062",0.177808027170543,2010-09-07
"1063",0.177808027170543,2010-09-08
"1064",0.177808027170543,2010-09-09
"1065",0.177808027170543,2010-09-10
"1066",0.177808027170543,2010-09-13
"1067",0.177808027170543,2010-09-14
"1068",0.177808027170543,2010-09-15
"1069",0.177808027170543,2010-09-16
"1070",0.177808027170543,2010-09-17
"1071",0.177808027170543,2010-09-20
"1072",0.177808027170543,2010-09-21
"1073",0.177808027170543,2010-09-22
"1074",0.177808027170543,2010-09-23
"1075",0.177808027170543,2010-09-24
"1076",0.177808027170543,2010-09-27
"1077",0.177808027170543,2010-09-28
"1078",0.177808027170543,2010-09-29
"1079",0.177808027170543,2010-09-30
"1080",0.177808027170543,2010-10-01
"1081",0.177808027170543,2010-10-04
"1082",0.177808027170543,2010-10-05
"1083",0.177808027170543,2010-10-06
"1084",0.177808027170543,2010-10-07
"1085",0.177808027170543,2010-10-08
"1086",0.177808027170543,2010-10-11
"1087",0.177808027170543,2010-10-12
"1088",0.177808027170543,2010-10-13
"1089",0.177808027170543,2010-10-14
"1090",0.177808027170543,2010-10-15
"1091",0.177808027170543,2010-10-18
"1092",0.177808027170543,2010-10-19
"1093",0.177808027170543,2010-10-20
"1094",0.177808027170543,2010-10-21
"1095",0.177808027170543,2010-10-22
"1096",0.177808027170543,2010-10-25
"1097",0.177808027170543,2010-10-26
"1098",0.177808027170543,2010-10-27
"1099",0.177808027170543,2010-10-28
"1100",0.177808027170543,2010-10-29
"1101",0.177808027170543,2010-11-01
"1102",0.177808027170543,2010-11-02
"1103",0.177808027170543,2010-11-03
"1104",0.177808027170543,2010-11-04
"1105",0.177808027170543,2010-11-05
"1106",0.177808027170543,2010-11-08
"1107",0.177808027170543,2010-11-09
"1108",0.177808027170543,2010-11-10
"1109",0.177808027170543,2010-11-11
"1110",0.177808027170543,2010-11-12
"1111",0.177808027170543,2010-11-15
"1112",0.177808027170543,2010-11-16
"1113",0.177808027170543,2010-11-17
"1114",0.177808027170543,2010-11-18
"1115",0.177808027170543,2010-11-19
"1116",0.177808027170543,2010-11-22
"1117",0.177808027170543,2010-11-23
"1118",0.177808027170543,2010-11-24
"1119",0.177808027170543,2010-11-26
"1120",0.177808027170543,2010-11-29
"1121",0.177808027170543,2010-11-30
"1122",0.177808027170543,2010-12-01
"1123",0.177808027170543,2010-12-02
"1124",0.177808027170543,2010-12-03
"1125",0.177808027170543,2010-12-06
"1126",0.177808027170543,2010-12-07
"1127",0.177808027170543,2010-12-08
"1128",0.177808027170543,2010-12-09
"1129",0.177808027170543,2010-12-10
"1130",0.177808027170543,2010-12-13
"1131",0.177808027170543,2010-12-14
"1132",0.177808027170543,2010-12-15
"1133",0.177808027170543,2010-12-16
"1134",0.177808027170543,2010-12-17
"1135",0.177808027170543,2010-12-20
"1136",0.177808027170543,2010-12-21
"1137",0.177808027170543,2010-12-22
"1138",0.177808027170543,2010-12-23
"1139",0.177808027170543,2010-12-27
"1140",0.177808027170543,2010-12-28
"1141",0.177808027170543,2010-12-29
"1142",0.177808027170543,2010-12-30
"1143",0.177808027170543,2010-12-31
"1144",0.177808027170543,2011-01-03
"1145",0.177808027170543,2011-01-04
"1146",0.177808027170543,2011-01-05
"1147",0.177808027170543,2011-01-06
"1148",0.177808027170543,2011-01-07
"1149",0.177808027170543,2011-01-10
"1150",0.177808027170543,2011-01-11
"1151",0.177808027170543,2011-01-12
"1152",0.177808027170543,2011-01-13
"1153",0.177808027170543,2011-01-14
"1154",0.177808027170543,2011-01-18
"1155",0.177808027170543,2011-01-19
"1156",0.177808027170543,2011-01-20
"1157",0.177808027170543,2011-01-21
"1158",0.177808027170543,2011-01-24
"1159",0.177808027170543,2011-01-25
"1160",0.177808027170543,2011-01-26
"1161",0.177808027170543,2011-01-27
"1162",0.177808027170543,2011-01-28
"1163",0.177808027170543,2011-01-31
"1164",0.177808027170543,2011-02-01
"1165",0.177808027170543,2011-02-02
"1166",0.177808027170543,2011-02-03
"1167",0.177808027170543,2011-02-04
"1168",0.177808027170543,2011-02-07
"1169",0.177808027170543,2011-02-08
"1170",0.177808027170543,2011-02-09
"1171",0.177808027170543,2011-02-10
"1172",0.177808027170543,2011-02-11
"1173",0.177808027170543,2011-02-14
"1174",0.177808027170543,2011-02-15
"1175",0.177808027170543,2011-02-16
"1176",0.177808027170543,2011-02-17
"1177",0.177808027170543,2011-02-18
"1178",0.177808027170543,2011-02-22
"1179",0.177808027170543,2011-02-23
"1180",0.177808027170543,2011-02-24
"1181",0.177808027170543,2011-02-25
"1182",0.177808027170543,2011-02-28
"1183",0.177808027170543,2011-03-01
"1184",0.177808027170543,2011-03-02
"1185",0.177808027170543,2011-03-03
"1186",0.177808027170543,2011-03-04
"1187",0.177808027170543,2011-03-07
"1188",0.177808027170543,2011-03-08
"1189",0.177808027170543,2011-03-09
"1190",0.177808027170543,2011-03-10
"1191",0.177808027170543,2011-03-11
"1192",0.177808027170543,2011-03-14
"1193",0.177808027170543,2011-03-15
"1194",0.177808027170543,2011-03-16
"1195",0.177808027170543,2011-03-17
"1196",0.177808027170543,2011-03-18
"1197",0.177808027170543,2011-03-21
"1198",0.177808027170543,2011-03-22
"1199",0.177808027170543,2011-03-23
"1200",0.177808027170543,2011-03-24
"1201",0.177808027170543,2011-03-25
"1202",0.177808027170543,2011-03-28
"1203",0.177808027170543,2011-03-29
"1204",0.177808027170543,2011-03-30
"1205",0.177808027170543,2011-03-31
"1206",0.177808027170543,2011-04-01
"1207",0.177808027170543,2011-04-04
"1208",0.177808027170543,2011-04-05
"1209",0.177808027170543,2011-04-06
"1210",0.177808027170543,2011-04-07
"1211",0.177808027170543,2011-04-08
"1212",0.177808027170543,2011-04-11
"1213",0.177808027170543,2011-04-12
"1214",0.177808027170543,2011-04-13
"1215",0.177808027170543,2011-04-14
"1216",0.177808027170543,2011-04-15
"1217",0.177808027170543,2011-04-18
"1218",0.177808027170543,2011-04-19
"1219",0.177808027170543,2011-04-20
"1220",0.177808027170543,2011-04-21
"1221",0.177808027170543,2011-04-25
"1222",0.177808027170543,2011-04-26
"1223",0.177808027170543,2011-04-27
"1224",0.177808027170543,2011-04-28
"1225",0.177808027170543,2011-04-29
"1226",0.177808027170543,2011-05-02
"1227",0.167587703139711,2011-05-03
"1228",0.167587703139711,2011-05-04
"1229",0.167587703139711,2011-05-05
"1230",0.167587703139711,2011-05-06
"1231",0.167587703139711,2011-05-09
"1232",0.167587703139711,2011-05-10
"1233",0.167587703139711,2011-05-11
"1234",0.154926650874787,2011-05-12
"1235",0.137872556916946,2011-05-13
"1236",0.137872556916946,2011-05-16
"1237",0.137872556916946,2011-05-17
"1238",0.137872556916946,2011-05-18
"1239",0.137872556916946,2011-05-19
"1240",0.137872556916946,2011-05-20
"1241",0.137872556916946,2011-05-23
"1242",0.137872556916946,2011-05-24
"1243",0.137872556916946,2011-05-25
"1244",0.137872556916946,2011-05-26
"1245",0.137872556916946,2011-05-27
"1246",0.137872556916946,2011-05-31
"1247",0.137872556916946,2011-06-01
"1248",0.137872556916946,2011-06-02
"1249",0.137872556916946,2011-06-03
"1250",0.137872556916946,2011-06-06
"1251",0.137872556916946,2011-06-07
"1252",0.137872556916946,2011-06-08
"1253",0.137872556916946,2011-06-09
"1254",0.137872556916946,2011-06-10
"1255",0.137872556916946,2011-06-13
"1256",0.137872556916946,2011-06-14
"1257",0.130227120432284,2011-06-15
"1258",0.130227120432284,2011-06-16
"1259",0.127477902686003,2011-06-17
"1260",0.121610919929159,2011-06-20
"1261",0.100075233444954,2011-06-21
"1262",0.100075233444954,2011-06-22
"1263",0.100075233444954,2011-06-23
"1264",0.100075233444954,2011-06-24
"1265",0.0945267929910352,2011-06-27
"1266",0.0945267929910352,2011-06-28
"1267",0.0945267929910352,2011-06-29
"1268",0.0945267929910354,2011-06-30
"1269",0.0945267929910354,2011-07-01
"1270",0.0945267929910353,2011-07-05
"1271",0.0945267929910352,2011-07-06
"1272",0.0945267929910353,2011-07-07
"1273",0.0945267929910353,2011-07-08
"1274",0.0945267929910353,2011-07-11
"1275",0.0945267929910353,2011-07-12
"1276",0.0945267929910352,2011-07-13
"1277",0.0945267929910352,2011-07-14
"1278",0.0945267929910352,2011-07-15
"1279",0.0945267929910354,2011-07-18
"1280",0.0945267929910353,2011-07-19
"1281",0.0945267929910354,2011-07-20
"1282",0.0945267929910354,2011-07-21
"1283",0.0945267929910352,2011-07-22
"1284",0.0945267929910351,2011-07-25
"1285",0.0945267929910353,2011-07-26
"1286",0.0945267929910352,2011-07-27
"1287",0.0945267929910353,2011-07-28
"1288",0.0945267929910353,2011-07-29
"1289",0.0945267929910352,2011-08-01
"1290",0.0945267929910353,2011-08-02
"1291",0.0945267929910352,2011-08-03
"1292",0.133678613036808,2011-08-04
"1293",0.155052887776406,2011-08-05
"1294",0.231229741732319,2011-08-08
"1295",0.23122974173232,2011-08-09
"1296",0.231229741732319,2011-08-10
"1297",0.23122974173232,2011-08-11
"1298",0.23122974173232,2011-08-12
"1299",0.231229741732319,2011-08-15
"1300",0.23122974173232,2011-08-16
"1301",0.231229741732319,2011-08-17
"1302",0.231229741732319,2011-08-18
"1303",0.231229741732319,2011-08-19
"1304",0.231229741732319,2011-08-22
"1305",0.23122974173232,2011-08-23
"1306",0.231229741732319,2011-08-24
"1307",0.231229741732319,2011-08-25
"1308",0.231229741732319,2011-08-26
"1309",0.231229741732319,2011-08-29
"1310",0.23122974173232,2011-08-30
"1311",0.23122974173232,2011-08-31
"1312",0.23122974173232,2011-09-01
"1313",0.231229741732319,2011-09-02
"1314",0.231229741732319,2011-09-06
"1315",0.23122974173232,2011-09-07
"1316",0.231229741732319,2011-09-08
"1317",0.23122974173232,2011-09-09
"1318",0.231229741732319,2011-09-12
"1319",0.231229741732319,2011-09-13
"1320",0.231229741732319,2011-09-14
"1321",0.23122974173232,2011-09-15
"1322",0.231229741732319,2011-09-16
"1323",0.231229741732319,2011-09-19
"1324",0.231229741732319,2011-09-20
"1325",0.23122974173232,2011-09-21
"1326",0.23122974173232,2011-09-22
"1327",0.231229741732319,2011-09-23
"1328",0.23122974173232,2011-09-26
"1329",0.231229741732319,2011-09-27
"1330",0.23122974173232,2011-09-28
"1331",0.23122974173232,2011-09-29
"1332",0.23122974173232,2011-09-30
"1333",0.233605942809684,2011-10-03
"1334",0.233605942809684,2011-10-04
"1335",0.233605942809684,2011-10-05
"1336",0.233605942809684,2011-10-06
"1337",0.233605942809684,2011-10-07
"1338",0.233605942809684,2011-10-10
"1339",0.233605942809684,2011-10-11
"1340",0.233605942809685,2011-10-12
"1341",0.233605942809684,2011-10-13
"1342",0.233605942809684,2011-10-14
"1343",0.233605942809684,2011-10-17
"1344",0.233605942809684,2011-10-18
"1345",0.233605942809684,2011-10-19
"1346",0.233605942809685,2011-10-20
"1347",0.233605942809684,2011-10-21
"1348",0.233605942809684,2011-10-24
"1349",0.233605942809684,2011-10-25
"1350",0.233605942809684,2011-10-26
"1351",0.233605942809684,2011-10-27
"1352",0.233605942809684,2011-10-28
"1353",0.233605942809685,2011-10-31
"1354",0.233605942809685,2011-11-01
"1355",0.233605942809684,2011-11-02
"1356",0.233605942809684,2011-11-03
"1357",0.233605942809684,2011-11-04
"1358",0.233605942809684,2011-11-07
"1359",0.233605942809684,2011-11-08
"1360",0.233605942809684,2011-11-09
"1361",0.233605942809684,2011-11-10
"1362",0.233605942809684,2011-11-11
"1363",0.233605942809684,2011-11-14
"1364",0.233605942809684,2011-11-15
"1365",0.233605942809684,2011-11-16
"1366",0.233605942809684,2011-11-17
"1367",0.233605942809685,2011-11-18
"1368",0.233605942809684,2011-11-21
"1369",0.233605942809684,2011-11-22
"1370",0.233605942809684,2011-11-23
"1371",0.233605942809684,2011-11-25
"1372",0.233605942809684,2011-11-28
"1373",0.233605942809684,2011-11-29
"1374",0.233605942809684,2011-11-30
"1375",0.233605942809684,2011-12-01
"1376",0.233605942809684,2011-12-02
"1377",0.233605942809684,2011-12-05
"1378",0.233605942809685,2011-12-06
"1379",0.233605942809684,2011-12-07
"1380",0.233605942809684,2011-12-08
"1381",0.233605942809684,2011-12-09
"1382",0.233605942809684,2011-12-12
"1383",0.233605942809684,2011-12-13
"1384",0.233605942809684,2011-12-14
"1385",0.233605942809684,2011-12-15
"1386",0.233605942809684,2011-12-16
"1387",0.233605942809684,2011-12-19
"1388",0.233605942809684,2011-12-20
"1389",0.233605942809684,2011-12-21
"1390",0.233605942809684,2011-12-22
"1391",0.233605942809684,2011-12-23
"1392",0.233605942809684,2011-12-27
"1393",0.233605942809685,2011-12-28
"1394",0.233605942809684,2011-12-29
"1395",0.233605942809684,2011-12-30
"1396",0.233605942809684,2012-01-03
"1397",0.233605942809684,2012-01-04
"1398",0.233605942809684,2012-01-05
"1399",0.233605942809685,2012-01-06
"1400",0.233605942809685,2012-01-09
"1401",0.233605942809684,2012-01-10
"1402",0.233605942809684,2012-01-11
"1403",0.233605942809684,2012-01-12
"1404",0.233605942809684,2012-01-13
"1405",0.233605942809684,2012-01-17
"1406",0.233605942809684,2012-01-18
"1407",0.233605942809684,2012-01-19
"1408",0.233605942809684,2012-01-20
"1409",0.233605942809684,2012-01-23
"1410",0.233605942809684,2012-01-24
"1411",0.233605942809685,2012-01-25
"1412",0.233605942809684,2012-01-26
"1413",0.233605942809684,2012-01-27
"1414",0.233605942809684,2012-01-30
"1415",0.233605942809685,2012-01-31
"1416",0.233605942809684,2012-02-01
"1417",0.233605942809684,2012-02-02
"1418",0.233605942809684,2012-02-03
"1419",0.233605942809685,2012-02-06
"1420",0.233605942809685,2012-02-07
"1421",0.233605942809684,2012-02-08
"1422",0.233605942809684,2012-02-09
"1423",0.233605942809684,2012-02-10
"1424",0.233605942809684,2012-02-13
"1425",0.233605942809684,2012-02-14
"1426",0.233605942809684,2012-02-15
"1427",0.233605942809685,2012-02-16
"1428",0.233605942809684,2012-02-17
"1429",0.233605942809684,2012-02-21
"1430",0.233605942809684,2012-02-22
"1431",0.233605942809684,2012-02-23
"1432",0.233605942809684,2012-02-24
"1433",0.233605942809684,2012-02-27
"1434",0.233605942809684,2012-02-28
"1435",0.233605942809684,2012-02-29
"1436",0.233605942809684,2012-03-01
"1437",0.233605942809684,2012-03-02
"1438",0.233605942809684,2012-03-05
"1439",0.233605942809685,2012-03-06
"1440",0.233605942809684,2012-03-07
"1441",0.233605942809684,2012-03-08
"1442",0.233605942809684,2012-03-09
"1443",0.233605942809684,2012-03-12
"1444",0.233605942809684,2012-03-13
"1445",0.233605942809684,2012-03-14
"1446",0.233605942809684,2012-03-15
"1447",0.233605942809684,2012-03-16
"1448",0.233605942809685,2012-03-19
"1449",0.233605942809684,2012-03-20
"1450",0.233605942809684,2012-03-21
"1451",0.233605942809685,2012-03-22
"1452",0.233605942809684,2012-03-23
"1453",0.233605942809684,2012-03-26
"1454",0.233605942809685,2012-03-27
"1455",0.233605942809684,2012-03-28
"1456",0.233605942809684,2012-03-29
"1457",0.233605942809684,2012-03-30
"1458",0.233605942809684,2012-04-02
"1459",0.233605942809684,2012-04-03
"1460",0.233605942809684,2012-04-04
"1461",0.233605942809684,2012-04-05
"1462",0.233605942809684,2012-04-09
"1463",0.233605942809684,2012-04-10
"1464",0.233605942809684,2012-04-11
"1465",0.233605942809684,2012-04-12
"1466",0.233605942809685,2012-04-13
"1467",0.233605942809684,2012-04-16
"1468",0.233605942809684,2012-04-17
"1469",0.233605942809684,2012-04-18
"1470",0.233605942809685,2012-04-19
"1471",0.233605942809684,2012-04-20
"1472",0.233605942809684,2012-04-23
"1473",0.233605942809685,2012-04-24
"1474",0.233605942809685,2012-04-25
"1475",0.233605942809684,2012-04-26
"1476",0.233605942809684,2012-04-27
"1477",0.233605942809684,2012-04-30
"1478",0.233605942809684,2012-05-01
"1479",0.233605942809684,2012-05-02
"1480",0.233605942809685,2012-05-03
"1481",0.233605942809685,2012-05-04
"1482",0.233605942809684,2012-05-07
"1483",0.233605942809684,2012-05-08
"1484",0.233605942809684,2012-05-09
"1485",0.233605942809684,2012-05-10
"1486",0.233605942809684,2012-05-11
"1487",0.233605942809684,2012-05-14
"1488",0.233605942809684,2012-05-15
"1489",0.233605942809684,2012-05-16
"1490",0.233605942809684,2012-05-17
"1491",0.233605942809685,2012-05-18
"1492",0.233605942809685,2012-05-21
"1493",0.233605942809684,2012-05-22
"1494",0.233605942809684,2012-05-23
"1495",0.233605942809684,2012-05-24
"1496",0.233605942809685,2012-05-25
"1497",0.233605942809684,2012-05-29
"1498",0.233605942809684,2012-05-30
"1499",0.233605942809685,2012-05-31
"1500",0.233605942809685,2012-06-01
"1501",0.233605942809684,2012-06-04
"1502",0.233605942809684,2012-06-05
"1503",0.233605942809684,2012-06-06
"1504",0.233605942809684,2012-06-07
"1505",0.233605942809684,2012-06-08
"1506",0.233605942809684,2012-06-11
"1507",0.233605942809684,2012-06-12
"1508",0.233605942809684,2012-06-13
"1509",0.233605942809684,2012-06-14
"1510",0.233605942809684,2012-06-15
"1511",0.233605942809684,2012-06-18
"1512",0.233605942809684,2012-06-19
"1513",0.233605942809685,2012-06-20
"1514",0.233605942809684,2012-06-21
"1515",0.233605942809685,2012-06-22
"1516",0.233605942809684,2012-06-25
"1517",0.233605942809684,2012-06-26
"1518",0.233605942809684,2012-06-27
"1519",0.233605942809684,2012-06-28
"1520",0.233605942809684,2012-06-29
"1521",0.233605942809684,2012-07-02
"1522",0.233605942809684,2012-07-03
"1523",0.233605942809684,2012-07-05
"1524",0.233605942809684,2012-07-06
"1525",0.233605942809684,2012-07-09
"1526",0.233605942809685,2012-07-10
"1527",0.233605942809684,2012-07-11
"1528",0.233605942809684,2012-07-12
"1529",0.233605942809684,2012-07-13
"1530",0.233605942809684,2012-07-16
"1531",0.233605942809684,2012-07-17
"1532",0.233605942809684,2012-07-18
"1533",0.233605942809684,2012-07-19
"1534",0.233605942809684,2012-07-20
"1535",0.233605942809684,2012-07-23
"1536",0.227241535723839,2012-07-24
"1537",0.227241535723839,2012-07-25
"1538",0.205859150889271,2012-07-26
"1539",0.205859150889271,2012-07-27
"1540",0.205859150889271,2012-07-30
"1541",0.193089628370172,2012-07-31
"1542",0.166298592114839,2012-08-01
"1543",0.160759397736459,2012-08-02
"1544",0.156583223316746,2012-08-03
"1545",0.156583223316746,2012-08-06
"1546",0.156583223316746,2012-08-07
"1547",0.156583223316746,2012-08-08
"1548",0.156583223316746,2012-08-09
"1549",0.156583223316746,2012-08-10
"1550",0.156583223316746,2012-08-13
"1551",0.156583223316746,2012-08-14
"1552",0.156583223316746,2012-08-15
"1553",0.156583223316746,2012-08-16
"1554",0.156583223316746,2012-08-17
"1555",0.156583223316746,2012-08-20
"1556",0.156583223316746,2012-08-21
"1557",0.156583223316746,2012-08-22
"1558",0.156583223316746,2012-08-23
"1559",0.156583223316746,2012-08-24
"1560",0.156583223316746,2012-08-27
"1561",0.156583223316746,2012-08-28
"1562",0.156583223316746,2012-08-29
"1563",0.156583223316746,2012-08-30
"1564",0.151986623951806,2012-08-31
"1565",0.151986623951805,2012-09-04
"1566",0.151986623951805,2012-09-05
"1567",0.151986623951805,2012-09-06
"1568",0.147744327146321,2012-09-07
"1569",0.147744327146321,2012-09-10
"1570",0.147744327146321,2012-09-11
"1571",0.147744327146321,2012-09-12
"1572",0.147744327146321,2012-09-13
"1573",0.147744327146321,2012-09-14
"1574",0.147744327146321,2012-09-17
"1575",0.128391142362387,2012-09-18
"1576",0.127200357311755,2012-09-19
"1577",0.116188135403866,2012-09-20
"1578",0.116188135403866,2012-09-21
"1579",0.116188135403866,2012-09-24
"1580",0.116188135403866,2012-09-25
"1581",0.116188135403866,2012-09-26
"1582",0.116188135403866,2012-09-27
"1583",0.116188135403866,2012-09-28
"1584",0.116188135403866,2012-10-01
"1585",0.116188135403866,2012-10-02
"1586",0.116188135403866,2012-10-03
"1587",0.116188135403866,2012-10-04
"1588",0.116188135403866,2012-10-05
"1589",0.116188135403866,2012-10-08
"1590",0.116188135403866,2012-10-09
"1591",0.116188135403866,2012-10-10
"1592",0.116188135403866,2012-10-11
"1593",0.116188135403866,2012-10-12
"1594",0.116188135403866,2012-10-15
"1595",0.116188135403866,2012-10-16
"1596",0.116188135403866,2012-10-17
"1597",0.116188135403866,2012-10-18
"1598",0.116188135403866,2012-10-19
"1599",0.116188135403866,2012-10-22
"1600",0.116188135403866,2012-10-23
"1601",0.116188135403866,2012-10-24
"1602",0.116188135403866,2012-10-25
"1603",0.116188135403866,2012-10-26
"1604",0.11608938547486,2012-10-31
"1605",0.110168220561402,2012-11-01
"1606",0.110168220561402,2012-11-02
"1607",0.110168220561402,2012-11-05
"1608",0.110168220561402,2012-11-06
"1609",0.110168220561402,2012-11-07
"1610",0.110168220561402,2012-11-08
"1611",0.110168220561402,2012-11-09
"1612",0.0921505623135186,2012-11-12
"1613",0.0921505623135186,2012-11-13
"1614",0.0922847399829494,2012-11-14
"1615",0.0968670076726339,2012-11-15
"1616",0.0968670076726339,2012-11-16
"1617",0.0968670076726338,2012-11-19
"1618",0.0968670076726339,2012-11-20
"1619",0.0968670076726339,2012-11-21
"1620",0.0968670076726339,2012-11-23
"1621",0.0968670076726338,2012-11-26
"1622",0.096867007672634,2012-11-27
"1623",0.096867007672634,2012-11-28
"1624",0.0968670076726339,2012-11-29
"1625",0.0968670076726339,2012-11-30
"1626",0.0968670076726338,2012-12-03
"1627",0.0968670076726338,2012-12-04
"1628",0.0968670076726339,2012-12-05
"1629",0.0968670076726339,2012-12-06
"1630",0.0968670076726339,2012-12-07
"1631",0.0968670076726339,2012-12-10
"1632",0.0968670076726339,2012-12-11
"1633",0.0968670076726339,2012-12-12
"1634",0.0968670076726338,2012-12-13
"1635",0.0968670076726339,2012-12-14
"1636",0.0968670076726339,2012-12-17
"1637",0.0968670076726339,2012-12-18
"1638",0.096867007672634,2012-12-19
"1639",0.0968670076726338,2012-12-20
"1640",0.0968670076726339,2012-12-21
"1641",0.0968670076726339,2012-12-24
"1642",0.0968670076726339,2012-12-26
"1643",0.0968670076726339,2012-12-27
"1644",0.0968670076726339,2012-12-28
"1645",0.0968670076726338,2012-12-31
"1646",0.0968670076726338,2013-01-02
"1647",0.096867007672634,2013-01-03
"1648",0.0968670076726339,2013-01-04
"1649",0.096867007672634,2013-01-07
"1650",0.0968670076726338,2013-01-08
"1651",0.0968670076726339,2013-01-09
"1652",0.096867007672634,2013-01-10
"1653",0.0968670076726339,2013-01-11
"1654",0.0968670076726339,2013-01-14
"1655",0.0968670076726339,2013-01-15
"1656",0.0968670076726339,2013-01-16
"1657",0.0968670076726338,2013-01-17
"1658",0.0968670076726338,2013-01-18
"1659",0.0968670076726339,2013-01-22
"1660",0.0968670076726338,2013-01-23
"1661",0.0968670076726338,2013-01-24
"1662",0.0968670076726339,2013-01-25
"1663",0.0968670076726339,2013-01-28
"1664",0.0968670076726338,2013-01-29
"1665",0.0968670076726339,2013-01-30
"1666",0.0968670076726339,2013-01-31
"1667",0.0968670076726339,2013-02-01
"1668",0.0968670076726338,2013-02-04
"1669",0.0968670076726338,2013-02-05
"1670",0.0968670076726338,2013-02-06
"1671",0.0968670076726339,2013-02-07
"1672",0.0968670076726339,2013-02-08
"1673",0.096867007672634,2013-02-11
"1674",0.0968670076726338,2013-02-12
"1675",0.096867007672634,2013-02-13
"1676",0.0968670076726338,2013-02-14
"1677",0.0968670076726338,2013-02-15
"1678",0.096867007672634,2013-02-19
"1679",0.0968670076726339,2013-02-20
"1680",0.0968670076726339,2013-02-21
"1681",0.0968670076726338,2013-02-22
"1682",0.0968670076726339,2013-02-25
"1683",0.0968670076726339,2013-02-26
"1684",0.0968670076726338,2013-02-27
"1685",0.0968670076726339,2013-02-28
"1686",0.096867007672634,2013-03-01
"1687",0.0968670076726339,2013-03-04
"1688",0.0968670076726339,2013-03-05
"1689",0.0968670076726338,2013-03-06
"1690",0.0968670076726339,2013-03-07
"1691",0.0968670076726338,2013-03-08
"1692",0.096867007672634,2013-03-11
"1693",0.0968670076726339,2013-03-12
"1694",0.0968670076726338,2013-03-13
"1695",0.0968670076726339,2013-03-14
"1696",0.0968670076726339,2013-03-15
"1697",0.0968670076726338,2013-03-18
"1698",0.0968670076726338,2013-03-19
"1699",0.096867007672634,2013-03-20
"1700",0.0968670076726339,2013-03-21
"1701",0.0968670076726338,2013-03-22
"1702",0.0968670076726338,2013-03-25
"1703",0.0968670076726338,2013-03-26
"1704",0.0968670076726338,2013-03-27
"1705",0.096867007672634,2013-03-28
"1706",0.0968670076726338,2013-04-01
"1707",0.0968670076726339,2013-04-02
"1708",0.0968670076726339,2013-04-03
"1709",0.0968670076726339,2013-04-04
"1710",0.0968670076726339,2013-04-05
"1711",0.0968670076726339,2013-04-08
"1712",0.0968670076726338,2013-04-09
"1713",0.0968670076726338,2013-04-10
"1714",0.0968670076726339,2013-04-11
"1715",0.0968670076726339,2013-04-12
"1716",0.0968670076726338,2013-04-15
"1717",0.0968670076726339,2013-04-16
"1718",0.0968670076726339,2013-04-17
"1719",0.0968670076726338,2013-04-18
"1720",0.0968670076726338,2013-04-19
"1721",0.096867007672634,2013-04-22
"1722",0.0968670076726338,2013-04-23
"1723",0.0968670076726339,2013-04-24
"1724",0.0968670076726339,2013-04-25
"1725",0.0968670076726339,2013-04-26
"1726",0.0968670076726339,2013-04-29
"1727",0.096867007672634,2013-04-30
"1728",0.0968670076726339,2013-05-01
"1729",0.0968670076726339,2013-05-02
"1730",0.0968670076726339,2013-05-03
"1731",0.0968670076726339,2013-05-06
"1732",0.0968670076726338,2013-05-07
"1733",0.0968670076726338,2013-05-08
"1734",0.0968670076726339,2013-05-09
"1735",0.0968670076726339,2013-05-10
"1736",0.0968670076726338,2013-05-13
"1737",0.0968670076726339,2013-05-14
"1738",0.0968670076726339,2013-05-15
"1739",0.0968670076726339,2013-05-16
"1740",0.0968670076726339,2013-05-17
"1741",0.096867007672634,2013-05-20
"1742",0.0968670076726339,2013-05-21
"1743",0.096867007672634,2013-05-22
"1744",0.0968670076726338,2013-05-23
"1745",0.0968670076726338,2013-05-24
"1746",0.0968670076726339,2013-05-28
"1747",0.0968670076726339,2013-05-29
"1748",0.0968670076726338,2013-05-30
"1749",0.096867007672634,2013-05-31
"1750",0.0968670076726339,2013-06-03
"1751",0.102066555802612,2013-06-04
"1752",0.110110428072273,2013-06-05
"1753",0.110110428072273,2013-06-06
"1754",0.110110428072273,2013-06-07
"1755",0.110110428072274,2013-06-10
"1756",0.117500326986678,2013-06-11
"1757",0.130448999420766,2013-06-12
"1758",0.130448999420766,2013-06-13
"1759",0.130448999420766,2013-06-14
"1760",0.130448999420766,2013-06-17
"1761",0.130448999420766,2013-06-18
"1762",0.130448999420766,2013-06-19
"1763",0.161437993983445,2013-06-20
"1764",0.161437993983445,2013-06-21
"1765",0.161437993983445,2013-06-24
"1766",0.161437993983445,2013-06-25
"1767",0.161437993983445,2013-06-26
"1768",0.161437993983445,2013-06-27
"1769",0.161437993983445,2013-06-28
"1770",0.161437993983445,2013-07-01
"1771",0.161437993983445,2013-07-02
"1772",0.161437993983445,2013-07-03
"1773",0.161437993983445,2013-07-05
"1774",0.161437993983445,2013-07-08
"1775",0.161437993983445,2013-07-09
"1776",0.161437993983445,2013-07-10
"1777",0.161437993983445,2013-07-11
"1778",0.161437993983445,2013-07-12
"1779",0.161437993983445,2013-07-15
"1780",0.161437993983445,2013-07-16
"1781",0.161437993983445,2013-07-17
"1782",0.161437993983445,2013-07-18
"1783",0.161437993983445,2013-07-19
"1784",0.161437993983445,2013-07-22
"1785",0.161437993983445,2013-07-23
"1786",0.161437993983445,2013-07-24
"1787",0.161437993983445,2013-07-25
"1788",0.161437993983445,2013-07-26
"1789",0.161437993983445,2013-07-29
"1790",0.161437993983445,2013-07-30
"1791",0.161437993983445,2013-07-31
"1792",0.161437993983445,2013-08-01
"1793",0.161437993983445,2013-08-02
"1794",0.161437993983445,2013-08-05
"1795",0.161437993983445,2013-08-06
"1796",0.161437993983445,2013-08-07
"1797",0.161437993983445,2013-08-08
"1798",0.161437993983445,2013-08-09
"1799",0.161437993983445,2013-08-12
"1800",0.161437993983445,2013-08-13
"1801",0.161437993983445,2013-08-14
"1802",0.161437993983445,2013-08-15
"1803",0.177292176610176,2013-08-16
"1804",0.187494160952185,2013-08-19
"1805",0.187494160952185,2013-08-20
"1806",0.187494160952185,2013-08-21
"1807",0.187494160952185,2013-08-22
"1808",0.187494160952185,2013-08-23
"1809",0.187494160952185,2013-08-26
"1810",0.187494160952185,2013-08-27
"1811",0.187494160952185,2013-08-28
"1812",0.187494160952185,2013-08-29
"1813",0.187494160952185,2013-08-30
"1814",0.187494160952185,2013-09-03
"1815",0.187494160952185,2013-09-04
"1816",0.187494160952185,2013-09-05
"1817",0.187494160952185,2013-09-06
"1818",0.187494160952185,2013-09-09
"1819",0.187494160952185,2013-09-10
"1820",0.187494160952185,2013-09-11
"1821",0.187494160952185,2013-09-12
"1822",0.187494160952185,2013-09-13
"1823",0.187494160952185,2013-09-16
"1824",0.187494160952185,2013-09-17
"1825",0.187494160952185,2013-09-18
"1826",0.187494160952185,2013-09-19
"1827",0.187494160952185,2013-09-20
"1828",0.187494160952185,2013-09-23
"1829",0.187494160952185,2013-09-24
"1830",0.187494160952185,2013-09-25
"1831",0.187494160952185,2013-09-26
"1832",0.187494160952185,2013-09-27
"1833",0.187494160952185,2013-09-30
"1834",0.187494160952185,2013-10-01
"1835",0.187494160952185,2013-10-02
"1836",0.187494160952185,2013-10-03
"1837",0.187494160952186,2013-10-04
"1838",0.187494160952185,2013-10-07
"1839",0.187494160952185,2013-10-08
"1840",0.187494160952186,2013-10-09
"1841",0.187494160952185,2013-10-10
"1842",0.187494160952185,2013-10-11
"1843",0.187494160952185,2013-10-14
"1844",0.187494160952185,2013-10-15
"1845",0.187494160952185,2013-10-16
"1846",0.187494160952186,2013-10-17
"1847",0.187494160952185,2013-10-18
"1848",0.187494160952185,2013-10-21
"1849",0.187494160952185,2013-10-22
"1850",0.187494160952185,2013-10-23
"1851",0.187494160952185,2013-10-24
"1852",0.187494160952185,2013-10-25
"1853",0.187494160952185,2013-10-28
"1854",0.187494160952185,2013-10-29
"1855",0.187494160952185,2013-10-30
"1856",0.187494160952186,2013-10-31
"1857",0.187494160952185,2013-11-01
"1858",0.187494160952185,2013-11-04
"1859",0.187494160952185,2013-11-05
"1860",0.187494160952185,2013-11-06
"1861",0.187494160952185,2013-11-07
"1862",0.187494160952185,2013-11-08
"1863",0.187494160952185,2013-11-11
"1864",0.187494160952185,2013-11-12
"1865",0.187494160952185,2013-11-13
"1866",0.187494160952185,2013-11-14
"1867",0.187494160952185,2013-11-15
"1868",0.187494160952185,2013-11-18
"1869",0.187494160952186,2013-11-19
"1870",0.187494160952186,2013-11-20
"1871",0.187494160952185,2013-11-21
"1872",0.187494160952185,2013-11-22
"1873",0.187494160952185,2013-11-25
"1874",0.187494160952185,2013-11-26
"1875",0.187494160952185,2013-11-27
"1876",0.187494160952185,2013-11-29
"1877",0.187494160952185,2013-12-02
"1878",0.187494160952185,2013-12-03
"1879",0.187494160952185,2013-12-04
"1880",0.187494160952185,2013-12-05
"1881",0.187494160952185,2013-12-06
"1882",0.187494160952185,2013-12-09
"1883",0.187494160952185,2013-12-10
"1884",0.187494160952185,2013-12-11
"1885",0.187494160952185,2013-12-12
"1886",0.187494160952185,2013-12-13
"1887",0.187494160952185,2013-12-16
"1888",0.187494160952185,2013-12-17
"1889",0.187494160952185,2013-12-18
"1890",0.187494160952185,2013-12-19
"1891",0.187494160952185,2013-12-20
"1892",0.187494160952185,2013-12-23
"1893",0.187494160952185,2013-12-24
"1894",0.187494160952185,2013-12-26
"1895",0.187494160952185,2013-12-27
"1896",0.187494160952185,2013-12-30
"1897",0.187494160952185,2013-12-31
"1898",0.187494160952185,2014-01-02
"1899",0.187494160952185,2014-01-03
"1900",0.187494160952185,2014-01-06
"1901",0.187494160952185,2014-01-07
"1902",0.187494160952185,2014-01-08
"1903",0.187494160952185,2014-01-09
"1904",0.187494160952185,2014-01-10
"1905",0.187494160952185,2014-01-13
"1906",0.187494160952185,2014-01-14
"1907",0.187494160952185,2014-01-15
"1908",0.187494160952185,2014-01-16
"1909",0.187494160952185,2014-01-17
"1910",0.187494160952185,2014-01-21
"1911",0.187494160952185,2014-01-22
"1912",0.187494160952186,2014-01-23
"1913",0.187494160952185,2014-01-24
"1914",0.187494160952185,2014-01-27
"1915",0.187494160952185,2014-01-28
"1916",0.187494160952185,2014-01-29
"1917",0.187494160952185,2014-01-30
"1918",0.187494160952185,2014-01-31
"1919",0.187494160952185,2014-02-03
"1920",0.187494160952185,2014-02-04
"1921",0.187494160952185,2014-02-05
"1922",0.187494160952186,2014-02-06
"1923",0.187494160952185,2014-02-07
"1924",0.187494160952185,2014-02-10
"1925",0.187494160952185,2014-02-11
"1926",0.187494160952185,2014-02-12
"1927",0.187494160952185,2014-02-13
"1928",0.187494160952185,2014-02-14
"1929",0.187494160952185,2014-02-18
"1930",0.187494160952185,2014-02-19
"1931",0.187494160952186,2014-02-20
"1932",0.187494160952185,2014-02-21
"1933",0.187494160952186,2014-02-24
"1934",0.187494160952185,2014-02-25
"1935",0.187494160952185,2014-02-26
"1936",0.187494160952185,2014-02-27
"1937",0.187494160952185,2014-02-28
"1938",0.187494160952185,2014-03-03
"1939",0.187494160952185,2014-03-04
"1940",0.187494160952185,2014-03-05
"1941",0.187494160952185,2014-03-06
"1942",0.187494160952185,2014-03-07
"1943",0.187494160952185,2014-03-10
"1944",0.187494160952185,2014-03-11
"1945",0.187494160952185,2014-03-12
"1946",0.187494160952186,2014-03-13
"1947",0.187494160952185,2014-03-14
"1948",0.187494160952185,2014-03-17
"1949",0.187494160952185,2014-03-18
"1950",0.187494160952185,2014-03-19
"1951",0.187494160952185,2014-03-20
"1952",0.187494160952185,2014-03-21
"1953",0.187494160952185,2014-03-24
"1954",0.187494160952185,2014-03-25
"1955",0.187494160952185,2014-03-26
"1956",0.187494160952185,2014-03-27
"1957",0.187494160952185,2014-03-28
"1958",0.187494160952185,2014-03-31
"1959",0.187494160952185,2014-04-01
"1960",0.187494160952185,2014-04-02
"1961",0.187494160952185,2014-04-03
"1962",0.187494160952185,2014-04-04
"1963",0.187494160952185,2014-04-07
"1964",0.187494160952185,2014-04-08
"1965",0.187494160952185,2014-04-09
"1966",0.187494160952185,2014-04-10
"1967",0.187494160952185,2014-04-11
"1968",0.187494160952185,2014-04-14
"1969",0.187494160952185,2014-04-15
"1970",0.187494160952185,2014-04-16
"1971",0.187494160952185,2014-04-17
"1972",0.187494160952185,2014-04-21
"1973",0.187494160952185,2014-04-22
"1974",0.187494160952185,2014-04-23
"1975",0.187494160952185,2014-04-24
"1976",0.187494160952185,2014-04-25
"1977",0.187494160952185,2014-04-28
"1978",0.187494160952185,2014-04-29
"1979",0.187494160952185,2014-04-30
"1980",0.187494160952185,2014-05-01
"1981",0.187494160952185,2014-05-02
"1982",0.187494160952185,2014-05-05
"1983",0.187494160952185,2014-05-06
"1984",0.187494160952186,2014-05-07
"1985",0.187494160952185,2014-05-08
"1986",0.187494160952185,2014-05-09
"1987",0.187494160952185,2014-05-12
"1988",0.187494160952185,2014-05-13
"1989",0.187494160952185,2014-05-14
"1990",0.187494160952185,2014-05-15
"1991",0.187494160952185,2014-05-16
"1992",0.187494160952185,2014-05-19
"1993",0.187494160952185,2014-05-20
"1994",0.187494160952185,2014-05-21
"1995",0.166076959219093,2014-05-22
"1996",0.151290108517449,2014-05-23
"1997",0.148906395263493,2014-05-27
"1998",0.141174147039945,2014-05-28
"1999",0.127850538518622,2014-05-29
"2000",0.127850538518622,2014-05-30
"2001",0.127850538518622,2014-06-02
"2002",0.127850538518622,2014-06-03
"2003",0.127850538518622,2014-06-04
"2004",0.127850538518622,2014-06-05
"2005",0.127850538518622,2014-06-06
"2006",0.127850538518622,2014-06-09
"2007",0.127850538518622,2014-06-10
"2008",0.127850538518622,2014-06-11
"2009",0.127850538518622,2014-06-12
"2010",0.127850538518622,2014-06-13
"2011",0.127850538518622,2014-06-16
"2012",0.127850538518622,2014-06-17
"2013",0.127850538518622,2014-06-18
"2014",0.127850538518622,2014-06-19
"2015",0.127850538518622,2014-06-20
"2016",0.127850538518622,2014-06-23
"2017",0.127850538518622,2014-06-24
"2018",0.127850538518622,2014-06-25
"2019",0.127850538518622,2014-06-26
"2020",0.127850538518622,2014-06-27
"2021",0.127850538518622,2014-06-30
"2022",0.127850538518622,2014-07-01
"2023",0.127850538518622,2014-07-02
"2024",0.127850538518622,2014-07-03
"2025",0.127850538518622,2014-07-07
"2026",0.127850538518622,2014-07-08
"2027",0.127850538518622,2014-07-09
"2028",0.127850538518622,2014-07-10
"2029",0.127850538518622,2014-07-11
"2030",0.127850538518622,2014-07-14
"2031",0.127850538518622,2014-07-15
"2032",0.127850538518622,2014-07-16
"2033",0.127850538518622,2014-07-17
"2034",0.127850538518622,2014-07-18
"2035",0.127850538518622,2014-07-21
"2036",0.127850538518622,2014-07-22
"2037",0.126738359891958,2014-07-23
"2038",0.111164482963024,2014-07-24
"2039",0.111164482963024,2014-07-25
"2040",0.111164482963024,2014-07-28
"2041",0.10368034299024,2014-07-29
"2042",0.102011111338896,2014-07-30
"2043",0.102011111338896,2014-07-31
"2044",0.102011111338896,2014-08-01
"2045",0.102011111338896,2014-08-04
"2046",0.102011111338896,2014-08-05
"2047",0.102011111338896,2014-08-06
"2048",0.102011111338896,2014-08-07
"2049",0.102011111338896,2014-08-08
"2050",0.102011111338896,2014-08-11
"2051",0.102011111338896,2014-08-12
"2052",0.102011111338896,2014-08-13
"2053",0.102011111338896,2014-08-14
"2054",0.102011111338896,2014-08-15
"2055",0.102011111338896,2014-08-18
"2056",0.102011111338896,2014-08-19
"2057",0.102011111338896,2014-08-20
"2058",0.102011111338896,2014-08-21
"2059",0.102011111338896,2014-08-22
"2060",0.102011111338896,2014-08-25
"2061",0.102011111338896,2014-08-26
"2062",0.102011111338896,2014-08-27
"2063",0.102011111338896,2014-08-28
"2064",0.102011111338896,2014-08-29
"2065",0.102011111338896,2014-09-02
"2066",0.102011111338896,2014-09-03
"2067",0.102011111338896,2014-09-04
"2068",0.102011111338896,2014-09-05
"2069",0.102011111338896,2014-09-08
"2070",0.102011111338896,2014-09-09
"2071",0.102011111338896,2014-09-10
"2072",0.102011111338896,2014-09-11
"2073",0.102011111338896,2014-09-12
"2074",0.102011111338896,2014-09-15
"2075",0.102011111338896,2014-09-16
"2076",0.102011111338896,2014-09-17
"2077",0.102011111338896,2014-09-18
"2078",0.102011111338896,2014-09-19
"2079",0.102011111338896,2014-09-22
"2080",0.102011111338896,2014-09-23
"2081",0.102011111338896,2014-09-24
"2082",0.102011111338896,2014-09-25
"2083",0.102011111338896,2014-09-26
"2084",0.102011111338896,2014-09-29
"2085",0.102011111338896,2014-09-30
"2086",0.102011111338896,2014-10-01
"2087",0.102011111338896,2014-10-02
"2088",0.102011111338896,2014-10-03
"2089",0.102011111338896,2014-10-06
"2090",0.102011111338896,2014-10-07
"2091",0.102011111338896,2014-10-08
"2092",0.102011111338896,2014-10-09
"2093",0.102011111338896,2014-10-10
"2094",0.102011111338896,2014-10-13
"2095",0.102011111338896,2014-10-14
"2096",0.102011111338896,2014-10-15
"2097",0.102011111338896,2014-10-16
"2098",0.102011111338896,2014-10-17
"2099",0.102011111338896,2014-10-20
"2100",0.102011111338896,2014-10-21
"2101",0.102011111338896,2014-10-22
"2102",0.102011111338896,2014-10-23
"2103",0.102011111338896,2014-10-24
"2104",0.102011111338896,2014-10-27
"2105",0.0950167348456675,2014-10-28
"2106",0.0889559068219634,2014-10-29
"2107",0.0826788967770309,2014-10-30
"2108",0.0826788967770308,2014-10-31
"2109",0.0826788967770308,2014-11-03
"2110",0.0826788967770309,2014-11-04
"2111",0.0778897062268662,2014-11-05
"2112",0.0778897062268662,2014-11-06
"2113",0.0778897062268661,2014-11-07
"2114",0.0778897062268661,2014-11-10
"2115",0.0778897062268661,2014-11-11
"2116",0.0778897062268663,2014-11-12
"2117",0.0778897062268662,2014-11-13
"2118",0.0778897062268662,2014-11-14
"2119",0.0778897062268662,2014-11-17
"2120",0.0778897062268662,2014-11-18
"2121",0.0778897062268663,2014-11-19
"2122",0.0778897062268662,2014-11-20
"2123",0.0778897062268663,2014-11-21
"2124",0.0778897062268662,2014-11-24
"2125",0.0778897062268661,2014-11-25
"2126",0.0778897062268662,2014-11-26
"2127",0.0778897062268662,2014-11-28
"2128",0.0778897062268661,2014-12-01
"2129",0.0778897062268661,2014-12-02
"2130",0.0778897062268662,2014-12-03
"2131",0.0778897062268662,2014-12-04
"2132",0.0778897062268662,2014-12-05
"2133",0.0778897062268661,2014-12-08
"2134",0.0778897062268661,2014-12-09
"2135",0.0778897062268661,2014-12-10
"2136",0.0778897062268662,2014-12-11
"2137",0.0778897062268662,2014-12-12
"2138",0.0778897062268662,2014-12-15
"2139",0.0778897062268662,2014-12-16
"2140",0.0778897062268662,2014-12-17
"2141",0.0778897062268661,2014-12-18
"2142",0.0778897062268662,2014-12-19
"2143",0.0778897062268662,2014-12-22
"2144",0.0778897062268663,2014-12-23
"2145",0.0778897062268661,2014-12-24
"2146",0.0778897062268663,2014-12-26
"2147",0.0778897062268662,2014-12-29
"2148",0.0778897062268662,2014-12-30
"2149",0.0778897062268661,2014-12-31
"2150",0.0778897062268662,2015-01-02
"2151",0.0778897062268662,2015-01-05
"2152",0.0778897062268662,2015-01-06
"2153",0.0778897062268662,2015-01-07
"2154",0.0778897062268661,2015-01-08
"2155",0.0778897062268662,2015-01-09
"2156",0.0778897062268662,2015-01-12
"2157",0.0778897062268661,2015-01-13
"2158",0.0778897062268661,2015-01-14
"2159",0.0778897062268662,2015-01-15
"2160",0.0778897062268662,2015-01-16
"2161",0.0778897062268662,2015-01-20
"2162",0.0778897062268662,2015-01-21
"2163",0.0778897062268662,2015-01-22
"2164",0.0778897062268661,2015-01-23
"2165",0.0778897062268662,2015-01-26
"2166",0.0778897062268662,2015-01-27
"2167",0.0778897062268661,2015-01-28
"2168",0.0778897062268662,2015-01-29
"2169",0.077889706226866,2015-01-30
"2170",0.0778897062268663,2015-02-02
"2171",0.0778897062268662,2015-02-03
"2172",0.0778897062268661,2015-02-04
"2173",0.0778897062268662,2015-02-05
"2174",0.0778897062268662,2015-02-06
"2175",0.0778897062268663,2015-02-09
"2176",0.0778897062268663,2015-02-10
"2177",0.0778897062268662,2015-02-11
"2178",0.0778897062268662,2015-02-12
"2179",0.0778897062268661,2015-02-13
"2180",0.0778897062268663,2015-02-17
"2181",0.0778897062268663,2015-02-18
"2182",0.0778897062268662,2015-02-19
"2183",0.0778897062268662,2015-02-20
"2184",0.0778897062268662,2015-02-23
"2185",0.0778897062268661,2015-02-24
"2186",0.0778897062268663,2015-02-25
"2187",0.0778897062268662,2015-02-26
"2188",0.0778897062268662,2015-02-27
"2189",0.0778897062268662,2015-03-02
"2190",0.0778897062268661,2015-03-03
"2191",0.0778897062268663,2015-03-04
"2192",0.0778897062268661,2015-03-05
"2193",0.0967610011451003,2015-03-06
"2194",0.0967610011451002,2015-03-09
"2195",0.0967610011451002,2015-03-10
"2196",0.0967610011451003,2015-03-11
"2197",0.0967610011451002,2015-03-12
"2198",0.0967610011451002,2015-03-13
"2199",0.0967610011451002,2015-03-16
"2200",0.0967610011451001,2015-03-17
"2201",0.0967610011451003,2015-03-18
"2202",0.0967610011451001,2015-03-19
"2203",0.0967610011451002,2015-03-20
"2204",0.0967610011451002,2015-03-23
"2205",0.0967610011451002,2015-03-24
"2206",0.0967610011451002,2015-03-25
"2207",0.0967610011451003,2015-03-26
"2208",0.0967610011451002,2015-03-27
"2209",0.0967610011451002,2015-03-30
"2210",0.0967610011451002,2015-03-31
"2211",0.0967610011451003,2015-04-01
"2212",0.0967610011451002,2015-04-02
"2213",0.0967610011451002,2015-04-06
"2214",0.0967610011451002,2015-04-07
"2215",0.0967610011451001,2015-04-08
"2216",0.0967610011451003,2015-04-09
"2217",0.0967610011451003,2015-04-10
"2218",0.0967610011451001,2015-04-13
"2219",0.0967610011451002,2015-04-14
"2220",0.0967610011451002,2015-04-15
"2221",0.0967610011451002,2015-04-16
"2222",0.0967610011451003,2015-04-17
"2223",0.0967610011451003,2015-04-20
"2224",0.0967610011451002,2015-04-21
"2225",0.0967610011451002,2015-04-22
"2226",0.0967610011451003,2015-04-23
"2227",0.0967610011451001,2015-04-24
"2228",0.0967610011451002,2015-04-27
"2229",0.0967610011451002,2015-04-28
"2230",0.0967610011451002,2015-04-29
"2231",0.107549484704727,2015-04-30
"2232",0.107549484704727,2015-05-01
"2233",0.107549484704727,2015-05-04
"2234",0.118738753476198,2015-05-05
"2235",0.121061671846884,2015-05-06
"2236",0.121061671846883,2015-05-07
"2237",0.121061671846883,2015-05-08
"2238",0.121061671846883,2015-05-11
"2239",0.121061671846884,2015-05-12
"2240",0.121061671846883,2015-05-13
"2241",0.121061671846883,2015-05-14
"2242",0.121061671846883,2015-05-15
"2243",0.121061671846883,2015-05-18
"2244",0.121061671846883,2015-05-19
"2245",0.121061671846883,2015-05-20
"2246",0.121061671846883,2015-05-21
"2247",0.121061671846883,2015-05-22
"2248",0.121061671846884,2015-05-26
"2249",0.121061671846883,2015-05-27
"2250",0.121061671846884,2015-05-28
"2251",0.121061671846884,2015-05-29
"2252",0.121061671846883,2015-06-01
"2253",0.121061671846883,2015-06-02
"2254",0.122403075413054,2015-06-03
"2255",0.124652380173401,2015-06-04
"2256",0.134344838867986,2015-06-05
"2257",0.136119744806151,2015-06-08
"2258",0.142556846065761,2015-06-09
"2259",0.142556846065762,2015-06-10
"2260",0.142556846065762,2015-06-11
"2261",0.142556846065762,2015-06-12
"2262",0.142556846065762,2015-06-15
"2263",0.142556846065761,2015-06-16
"2264",0.142556846065762,2015-06-17
"2265",0.142556846065762,2015-06-18
"2266",0.142556846065762,2015-06-19
"2267",0.142556846065761,2015-06-22
"2268",0.142556846065761,2015-06-23
"2269",0.142556846065762,2015-06-24
"2270",0.14865859643383,2015-06-25
"2271",0.14865859643383,2015-06-26
"2272",0.15833469654834,2015-06-29
"2273",0.15833469654834,2015-06-30
"2274",0.15833469654834,2015-07-01
"2275",0.15833469654834,2015-07-02
"2276",0.15833469654834,2015-07-06
"2277",0.15833469654834,2015-07-07
"2278",0.15833469654834,2015-07-08
"2279",0.15833469654834,2015-07-09
"2280",0.15833469654834,2015-07-10
"2281",0.15833469654834,2015-07-13
"2282",0.15833469654834,2015-07-14
"2283",0.15833469654834,2015-07-15
"2284",0.15833469654834,2015-07-16
"2285",0.15833469654834,2015-07-17
"2286",0.15833469654834,2015-07-20
"2287",0.15833469654834,2015-07-21
"2288",0.15833469654834,2015-07-22
"2289",0.15833469654834,2015-07-23
"2290",0.15833469654834,2015-07-24
"2291",0.15833469654834,2015-07-27
"2292",0.15833469654834,2015-07-28
"2293",0.15833469654834,2015-07-29
"2294",0.15833469654834,2015-07-30
"2295",0.15833469654834,2015-07-31
"2296",0.15833469654834,2015-08-03
"2297",0.15833469654834,2015-08-04
"2298",0.15833469654834,2015-08-05
"2299",0.15833469654834,2015-08-06
"2300",0.15833469654834,2015-08-07
"2301",0.15833469654834,2015-08-10
"2302",0.15833469654834,2015-08-11
"2303",0.15833469654834,2015-08-12
"2304",0.15833469654834,2015-08-13
"2305",0.15833469654834,2015-08-14
"2306",0.15833469654834,2015-08-17
"2307",0.15833469654834,2015-08-18
"2308",0.15833469654834,2015-08-19
"2309",0.15833469654834,2015-08-20
"2310",0.15833469654834,2015-08-21
"2311",0.164002944544413,2015-08-24
"2312",0.186078848355962,2015-08-25
"2313",0.186078848355962,2015-08-26
"2314",0.186078848355962,2015-08-27
"2315",0.186078848355962,2015-08-28
"2316",0.186078848355962,2015-08-31
"2317",0.186078848355962,2015-09-01
"2318",0.186078848355962,2015-09-02
"2319",0.186078848355962,2015-09-03
"2320",0.190217569115001,2015-09-04
"2321",0.190217569115001,2015-09-08
"2322",0.190217569115001,2015-09-09
"2323",0.190217569115001,2015-09-10
"2324",0.190217569115001,2015-09-11
"2325",0.190217569115001,2015-09-14
"2326",0.190217569115001,2015-09-15
"2327",0.190217569115001,2015-09-16
"2328",0.190217569115001,2015-09-17
"2329",0.190217569115001,2015-09-18
"2330",0.190217569115001,2015-09-21
"2331",0.190217569115001,2015-09-22
"2332",0.190217569115001,2015-09-23
"2333",0.190217569115001,2015-09-24
"2334",0.190217569115001,2015-09-25
"2335",0.190217569115001,2015-09-28
"2336",0.190217569115001,2015-09-29
"2337",0.190217569115001,2015-09-30
"2338",0.190217569115001,2015-10-01
"2339",0.190217569115001,2015-10-02
"2340",0.190217569115001,2015-10-05
"2341",0.190217569115001,2015-10-06
"2342",0.190217569115,2015-10-07
"2343",0.190217569115001,2015-10-08
"2344",0.190217569115001,2015-10-09
"2345",0.190217569115001,2015-10-12
"2346",0.190217569115001,2015-10-13
"2347",0.190217569115001,2015-10-14
"2348",0.190217569115001,2015-10-15
"2349",0.190217569115001,2015-10-16
"2350",0.190217569115001,2015-10-19
"2351",0.190217569115001,2015-10-20
"2352",0.190217569115001,2015-10-21
"2353",0.190217569115001,2015-10-22
"2354",0.190217569115001,2015-10-23
"2355",0.190217569115001,2015-10-26
"2356",0.190217569115001,2015-10-27
"2357",0.190217569115001,2015-10-28
"2358",0.190217569115001,2015-10-29
"2359",0.190217569115001,2015-10-30
"2360",0.190217569115001,2015-11-02
"2361",0.190217569115001,2015-11-03
"2362",0.190217569115001,2015-11-04
"2363",0.190217569115001,2015-11-05
"2364",0.190217569115001,2015-11-06
"2365",0.190217569115001,2015-11-09
"2366",0.190217569115001,2015-11-10
"2367",0.190217569115001,2015-11-11
"2368",0.190217569115001,2015-11-12
"2369",0.190217569115001,2015-11-13
"2370",0.190217569115001,2015-11-16
"2371",0.190217569115001,2015-11-17
"2372",0.190217569115001,2015-11-18
"2373",0.190217569115001,2015-11-19
"2374",0.190217569115001,2015-11-20
"2375",0.190217569115001,2015-11-23
"2376",0.190217569115001,2015-11-24
"2377",0.190217569115001,2015-11-25
"2378",0.190217569115001,2015-11-27
"2379",0.190217569115001,2015-11-30
"2380",0.190217569115001,2015-12-01
"2381",0.190217569115001,2015-12-02
"2382",0.190217569115001,2015-12-03
"2383",0.190217569115001,2015-12-04
"2384",0.190217569115001,2015-12-07
"2385",0.190217569115001,2015-12-08
"2386",0.190217569115001,2015-12-09
"2387",0.190217569115001,2015-12-10
"2388",0.190217569115001,2015-12-11
"2389",0.190217569115001,2015-12-14
"2390",0.190217569115001,2015-12-15
"2391",0.190217569115001,2015-12-16
"2392",0.190217569115001,2015-12-17
"2393",0.190217569115001,2015-12-18
"2394",0.190217569115001,2015-12-21
"2395",0.190217569115001,2015-12-22
"2396",0.190217569115001,2015-12-23
"2397",0.190217569115001,2015-12-24
"2398",0.190217569115001,2015-12-28
"2399",0.190217569115001,2015-12-29
"2400",0.190217569115001,2015-12-30
"2401",0.190217569115001,2015-12-31
